train/ent_coef,rollout/ep_rew_mean,rollout/success rate,train/std,time/fps,time/episodes,train/ent_coef_loss,time/total timesteps,rollout/ep_len_mean,train/n_updates,train/learning_rate,train/critic_loss,train/actor_loss,time/time_elapsed
0.07277678698301315,-65.75362375,0.02,0.05003262683749199,1072,2044,-2.5086512565612793,200400,98.36,10014,0.0003,23.198652267456055,73.1562271118164,186
0.07249440997838974,-65.89454011000001,0.03,0.05003216862678528,570,2048,-1.4634335041046143,200781,98.17,10034,0.0003,126.85951232910156,73.39641571044922,352
0.07222191989421844,-65.09618991,0.03,0.050032466650009155,376,2052,-4.051732063293457,201181,98.17,10054,0.0003,91.70651245117188,74.08960723876953,533
0.07193231582641602,-64.5965792,0.03,0.050030093640089035,278,2056,-4.974783897399902,201581,98.17,10074,0.0003,73.49952697753906,73.50162506103516,722
0.07167032361030579,-64.0871641,0.03,0.050029005855321884,217,2060,-6.82893180847168,201981,98.17,10094,0.0003,146.02011108398438,73.56181335449219,930
0.07140681892633438,-63.27415719,0.03,0.05002811551094055,179,2064,-10.522232055664062,202381,98.17,10114,0.0003,2.753572940826416,74.30221557617188,1129
0.07111559808254242,-64.24255173999998,0.03,0.05002643167972565,157,2068,-3.569706678390503,202781,98.17,10134,0.0003,109.69685363769531,73.39219665527344,1285
0.07086486369371414,-65.57410629,0.03,0.05002512037754059,137,2072,-5.98677396774292,203181,98.17,10154,0.0003,20.11796760559082,73.15657806396484,1477
0.07063273340463638,-66.81960237,0.03,0.05002434551715851,123,2076,-7.7201642990112305,203581,98.17,10174,0.0003,109.14996337890625,73.47935485839844,1652
0.07040402293205261,-67.29772363,0.02,0.0500263087451458,109,2080,-8.006254196166992,203981,98.85,10194,0.0003,44.79632568359375,73.55274200439453,1865
0.07021470367908478,-65.51435055,0.03,0.05002790689468384,101,2084,-4.714261054992676,204288,97.92,10209,0.0003,2.870759963989258,73.56513214111328,2021
0.0700090304017067,-65.34498456,0.04,0.05002904683351517,92,2088,-5.34591007232666,204649,97.53,10227,0.0003,87.68690490722656,73.126953125,2219
0.0697573721408844,-65.8717597,0.03,0.05002659559249878,84,2092,-7.194406509399414,205049,98.49,10247,0.0003,25.211318969726562,73.57621765136719,2436
0.06950666010379791,-66.69502059,0.03,0.05002422258257866,77,2096,-0.7628306150436401,205449,98.49,10267,0.0003,43.47380828857422,72.27351379394531,2638
0.06924804300069809,-66.55510021,0.03,0.05002225935459137,71,2100,-4.045058250427246,205849,98.49,10287,0.0003,40.778079986572266,73.45865631103516,2889
0.0690203607082367,-68.62379006,0.04,0.050021033734083176,66,2104,-15.613815307617188,206232,98.32,10306,0.0003,42.43669891357422,72.72111511230469,3116
0.06874467432498932,-68.20017105000001,0.04,0.05001811310648918,61,2108,-1.3582179546356201,206632,98.32,10326,0.0003,65.86851501464844,73.20217895507812,3342
0.06850598752498627,-67.60167394,0.04,0.05001990124583244,58,2112,-10.34001636505127,207032,98.32,10346,0.0003,18.611438751220703,73.30204772949219,3552
0.06820075958967209,-67.30884141,0.04,0.05001368373632431,55,2116,-6.7043304443359375,207432,98.32,10366,0.0003,65.88069152832031,72.8048095703125,3762
0.06794942915439606,-68.37981566,0.04,0.05001350864768028,52,2120,-1.0393445491790771,207832,98.32,10386,0.0003,58.932456970214844,73.23951721191406,3972
0.06768620014190674,-68.65524405000001,0.04,0.05001452565193176,49,2124,-3.5643961429595947,208232,98.32,10406,0.0003,114.69790649414062,72.56256103515625,4204
0.06745132058858871,-68.24266356999999,0.05,0.0500122606754303,47,2128,-6.966813087463379,208566,97.66,10423,0.0003,3.2109928131103516,73.62459564208984,4409
0.06721556186676025,-68.10330563000001,0.05,0.05001380294561386,45,2132,-9.946633338928223,208966,97.66,10443,0.0003,62.431884765625,73.56156921386719,4604
0.06696563959121704,-68.39632321,0.06,0.05001085251569748,43,2136,-7.688022613525391,209356,97.56,10462,0.0003,84.8609848022461,73.25341796875,4827
0.06670788675546646,-67.79729463000001,0.06,0.05000780150294304,41,2140,-4.849405288696289,209756,97.56,10482,0.0003,85.42842102050781,72.93849182128906,5058
0.06648065894842148,-67.68585370000001,0.06,0.05000707507133484,39,2144,-4.74115514755249,210156,97.56,10502,0.0003,48.347389221191406,73.01677703857422,5258
0.0662006065249443,-67.52244798000001,0.05,0.0500023290514946,38,2148,-3.0577049255371094,210556,97.75,10522,0.0003,108.39262390136719,72.70832061767578,5470
0.06598324328660965,-68.58727324,0.06,0.050001196563243866,37,2152,-2.0732173919677734,210954,97.73,10542,0.0003,4.449896812438965,72.22796630859375,5674
0.06576352566480637,-68.92115271,0.06,0.0499989315867424,35,2156,-0.8560565114021301,211354,97.73,10562,0.0003,42.654624938964844,72.34065246582031,5882
0.06553501635789871,-68.84236786000001,0.06,0.049998462200164795,34,2160,-5.65601921081543,211754,97.73,10582,0.0003,76.91073608398438,71.98654174804688,6103
0.06529628485441208,-69.01465663,0.06,0.049997568130493164,33,2164,-8.491158485412598,212154,97.73,10602,0.0003,22.969324111938477,72.18047332763672,6286
0.06505031883716583,-68.79687062999999,0.06,0.049994371831417084,32,2168,-0.7694470882415771,212554,97.73,10622,0.0003,128.61996459960938,72.13028717041016,6483
0.06476311385631561,-66.76256574000001,0.06,0.04998918995261192,31,2172,-10.45762825012207,212954,97.73,10642,0.0003,43.89554977416992,71.7890625,6680
0.06451814621686935,-64.67180495000001,0.06,0.04998759180307388,31,2176,-4.604173183441162,213354,97.73,10662,0.0003,33.11331558227539,72.61650848388672,6874
0.06429801881313324,-64.92683828,0.06,0.04998771846294403,30,2180,-2.086026668548584,213754,97.73,10682,0.0003,58.61430740356445,71.78666687011719,7062
0.064043790102005,-65.29032405,0.05,0.04998674988746643,29,2184,-2.265928030014038,214154,98.66,10702,0.0003,67.60859680175781,72.34561157226562,7262
0.063813716173172,-65.94380075,0.04,0.0499878004193306,28,2188,-1.5257773399353027,214554,99.05,10722,0.0003,2.5752015113830566,72.8497085571289,7490
0.06357886642217636,-65.37540428,0.04,0.0499853640794754,27,2192,-5.509949684143066,214954,99.05,10742,0.0003,65.95633697509766,72.6519546508789,7694
0.06333045661449432,-64.29544068,0.04,0.049982957541942596,27,2196,-2.8533596992492676,215354,99.05,10762,0.0003,37.98223114013672,72.67182922363281,7892
0.06307346373796463,-64.41005192,0.04,0.049978625029325485,26,2200,-1.6094586849212646,215754,99.05,10782,0.0003,19.80453109741211,71.55934143066406,8095
0.06285417079925537,-62.28509995999999,0.03,0.04997822642326355,25,2204,-7.874179840087891,216154,99.22,10802,0.0003,25.27678108215332,72.03981018066406,8319
0.06260369718074799,-62.137027929999995,0.03,0.049976199865341187,25,2208,-1.1387643814086914,216554,99.22,10822,0.0003,60.8664436340332,72.50060272216797,8520
0.0623888298869133,-62.461062590000004,0.03,0.04997609183192253,24,2212,-3.217165946960449,216954,99.22,10842,0.0003,60.245567321777344,71.58236694335938,8709
0.06216636300086975,-62.73803863999999,0.03,0.049974530935287476,24,2216,-7.439723014831543,217354,99.22,10862,0.0003,58.579063415527344,72.00001525878906,8940
0.06193656474351883,-61.81074719999999,0.03,0.04997190833091736,23,2220,-5.484643936157227,217754,99.22,10882,0.0003,3.2768635749816895,72.19587707519531,9160
0.06170811504125595,-62.050266349999994,0.03,0.04996965453028679,23,2224,-2.507444143295288,218154,99.22,10902,0.0003,3.471208333969116,72.19145965576172,9389
0.0614878349006176,-62.85544914000001,0.02,0.04996756464242935,22,2228,-4.409111976623535,218554,99.88,10922,0.0003,79.28663635253906,71.6427001953125,9647
0.06128795072436333,-62.326222040000005,0.02,0.049967341125011444,22,2232,-4.750906944274902,218954,99.88,10942,0.0003,2.863642454147339,71.92805480957031,9920
0.06110994517803192,-62.4298091,0.01,0.04996931552886963,21,2236,-1.5421689748764038,219354,99.98,10962,0.0003,47.529293060302734,72.03636932373047,10136
0.0609312579035759,-63.018752299999996,0.01,0.049970727413892746,21,2240,-6.416523456573486,219754,99.98,10982,0.0003,44.11080551147461,70.80821228027344,10354
0.06073734164237976,-63.448921170000006,0.01,0.04997214674949646,20,2244,-2.6584525108337402,220154,99.98,11002,0.0003,58.228614807128906,71.55520629882812,10516
0.06050189211964607,-62.95454674,0.01,0.049969784915447235,20,2248,-4.175861358642578,220554,99.98,11022,0.0003,44.748313903808594,71.69390869140625,10741
0.06025594845414162,-61.96390463999999,0.0,0.049966298043727875,20,2252,0.278929203748703,220954,100.0,11042,0.0003,41.87967300415039,71.12448120117188,10983
0.06003923714160919,-62.21322671,0.0,0.04996439069509506,19,2256,-7.60615348815918,221354,100.0,11062,0.0003,58.17504119873047,70.93185424804688,11231
0.059848155826330185,-62.0783709,0.0,0.049965642392635345,19,2260,-5.577659606933594,221754,100.0,11082,0.0003,3.4946324825286865,71.61837768554688,11460
0.059645384550094604,-62.36167526,0.0,0.04996691271662712,19,2264,-3.249216318130493,222154,100.0,11102,0.0003,21.486053466796875,71.72613525390625,11657
0.05945080518722534,-62.252439759999994,0.0,0.04996601492166519,18,2268,-8.094442367553711,222554,100.0,11122,0.0003,56.29840087890625,70.76797485351562,11853
0.05924098938703537,-62.36162692,0.0,0.049964021891355515,18,2272,-3.055250644683838,222954,100.0,11142,0.0003,42.71082305908203,71.16739654541016,12055
0.059013281017541885,-62.74973147000001,0.0,0.04996270686388016,18,2276,-9.880849838256836,223354,100.0,11162,0.0003,26.106191635131836,70.11537170410156,12289
0.058793988078832626,-62.403331930000014,0.0,0.049959417432546616,17,2280,-4.153022766113281,223754,100.0,11182,0.0003,42.87666702270508,71.14503479003906,12494
0.058623235672712326,-62.95805254,0.0,0.04996110126376152,17,2284,-4.122121810913086,224154,100.0,11202,0.0003,26.868133544921875,71.70667266845703,12683
0.05844375491142273,-62.712102050000006,0.0,0.049960650503635406,17,2288,-2.2211718559265137,224554,100.0,11222,0.0003,59.74876403808594,71.57260131835938,12871
0.05828132852911949,-63.28093461,0.0,0.04996106028556824,17,2292,-6.713467597961426,224954,100.0,11242,0.0003,95.77482604980469,69.88351440429688,13069
0.058120325207710266,-63.0285177,0.0,0.04996030032634735,16,2296,-2.943333148956299,225354,100.0,11262,0.0003,69.41146850585938,71.16804504394531,13258
0.05795564875006676,-63.37034567,0.0,0.04996126890182495,16,2300,-3.641615867614746,225754,100.0,11282,0.0003,110.15576171875,70.58476257324219,13408
0.05778059363365173,-63.10386057999999,0.0,0.04996150732040405,16,2304,-6.207921028137207,226154,100.0,11302,0.0003,2.8470053672790527,70.49606323242188,13613
0.05760010704398155,-63.42595673999999,0.0,0.04995938390493393,16,2308,-4.118411064147949,226554,100.0,11322,0.0003,41.21385955810547,70.73284912109375,13824
0.05736532434821129,-63.43438248000001,0.0,0.049954451620578766,16,2312,-0.5989463329315186,226954,100.0,11342,0.0003,4.06442928314209,69.74905395507812,14000
0.057190556079149246,-63.09469923,0.0,0.04995416849851608,16,2316,-3.9153285026550293,227354,100.0,11362,0.0003,3.469226360321045,70.71873474121094,14206
0.05700431764125824,-62.804402720000006,0.01,0.049952320754528046,15,2320,-7.2222089767456055,227738,99.84,11381,0.0003,75.57725524902344,70.7647476196289,14410
0.0568096749484539,-62.73797549,0.01,0.04994925111532211,15,2324,-6.343146324157715,228138,99.84,11401,0.0003,2.779597282409668,70.9564208984375,14606
0.056671347469091415,-62.008698329999994,0.01,0.04995018243789673,15,2328,-2.3355140686035156,228538,99.84,11421,0.0003,24.995349884033203,70.45671081542969,14800
0.056523822247982025,-62.486103359999994,0.01,0.049952294677495956,15,2332,-2.836214780807495,228938,99.84,11441,0.0003,73.26467895507812,70.42027282714844,15001
0.05638130381703377,-62.881154990000006,0.01,0.04995565861463547,15,2336,-6.4965596199035645,229338,99.84,11461,0.0003,2.518588066101074,70.39346313476562,15211
0.0562482550740242,-61.54920222,0.02,0.04995697736740112,14,2340,-1.8987526893615723,229645,98.91,11477,0.0003,22.61768341064453,69.86677551269531,15344
0.05604029446840286,-61.037400049999995,0.02,0.04995331913232803,14,2344,-11.378070831298828,230045,98.91,11497,0.0003,42.85366439819336,70.03907775878906,15545
0.055799007415771484,-61.97398487999999,0.02,0.04994732141494751,14,2348,-0.7311792373657227,230445,98.91,11517,0.0003,55.13654327392578,69.76591491699219,15743
0.055546507239341736,-62.437223599999996,0.02,0.04993719607591629,14,2352,-8.602855682373047,230845,98.91,11537,0.0003,83.6220474243164,70.03459167480469,15908
0.05537271127104759,-61.33637112,0.02,0.04993597790598869,14,2356,-2.2164385318756104,231245,98.91,11557,0.0003,40.36627197265625,69.96803283691406,16105
0.05520828440785408,-61.63810718,0.02,0.04993602633476257,14,2360,-1.2053625583648682,231645,98.91,11577,0.0003,62.66800308227539,69.19480895996094,16276
0.054958775639534,-62.005837119999995,0.02,0.04992523044347763,14,2364,-5.000640392303467,232045,98.91,11597,0.0003,62.80960464477539,70.0459976196289,16430
0.054724857211112976,-62.384353280000006,0.02,0.04992170259356499,13,2368,-1.002051830291748,232445,98.91,11617,0.0003,60.248199462890625,69.46138000488281,16603
0.05454598367214203,-62.365526009999996,0.02,0.04992081969976425,13,2372,-1.0817816257476807,232845,98.91,11637,0.0003,112.37490844726562,69.01382446289062,16810
0.054407209157943726,-62.389205180000005,0.02,0.049922071397304535,13,2376,-3.568143844604492,233245,98.91,11657,0.0003,100.59501647949219,69.47969055175781,17004
0.05423477292060852,-62.85428533,0.02,0.04992099106311798,13,2380,-2.815145969390869,233645,98.91,11677,0.0003,98.87133026123047,69.18114471435547,17172
0.054008059203624725,-62.19067187999999,0.02,0.04991673678159714,13,2384,0.6893931031227112,234045,98.91,11697,0.0003,43.84736633300781,69.94158935546875,17351
0.05384327098727226,-62.460362399999994,0.02,0.04991719126701355,13,2388,0.2625278830528259,234445,98.91,11717,0.0003,57.909088134765625,69.18548583984375,17523
0.05368708074092865,-61.995071639999985,0.02,0.04991760104894638,13,2392,-2.4671449661254883,234845,98.91,11737,0.0003,36.59421920776367,69.49411010742188,17724
0.053531207144260406,-62.63748786,0.02,0.04992029070854187,13,2396,0.154577374458313,235245,98.91,11757,0.0003,66.90386199951172,68.93643188476562,17882
0.0533410869538784,-62.91691177999999,0.02,0.049915771931409836,13,2400,-6.405004501342773,235645,98.91,11777,0.0003,55.85206604003906,68.3280029296875,18044
0.05316274240612984,-63.354496250000004,0.02,0.04991278797388077,12,2404,-2.4132113456726074,236045,98.91,11797,0.0003,34.98899841308594,69.25309753417969,18229
0.053027547895908356,-63.10059652999998,0.02,0.04991397261619568,12,2408,-1.1205971240997314,236445,98.91,11817,0.0003,17.471118927001953,69.35762023925781,18390
0.05292319133877754,-61.93734152,0.03,0.04991334676742554,12,2412,-7.400745391845703,236747,97.93,11832,0.0003,59.37334442138672,68.52274322509766,18540
0.05272044986486435,-62.01157902,0.03,0.04990813136100769,12,2416,-1.5826516151428223,237147,97.93,11852,0.0003,37.09193420410156,67.56239318847656,18734
0.05255701020359993,-62.534297929999994,0.02,0.04990318417549133,12,2420,-2.064253330230713,237547,98.09,11872,0.0003,21.707469940185547,69.75347900390625,18923
0.05240464583039284,-61.69919849,0.02,0.049899280071258545,12,2424,-4.533018112182617,237947,98.09,11892,0.0003,83.763671875,69.0927734375,19120
0.05226869508624077,-62.53917120999999,0.02,0.04989787936210632,12,2428,0.11882156133651733,238347,98.09,11912,0.0003,81.78324890136719,69.0334701538086,19304
0.05214614421129227,-61.9335142,0.02,0.049899958074092865,12,2432,2.6926803588867188,238747,98.09,11932,0.0003,2.6905465126037598,68.96955871582031,19496
0.05203768238425255,-61.654537349999984,0.02,0.049903880804777145,12,2436,-10.187713623046875,239147,98.09,11952,0.0003,17.47709846496582,68.5798568725586,19673
0.051855362951755524,-62.32509769999999,0.01,0.04989790916442871,12,2440,-0.6468327641487122,239547,99.02,11972,0.0003,3.1246628761291504,69.2001953125,19866
0.05169757455587387,-62.475662650000004,0.01,0.04989226162433624,11,2444,-9.003155708312988,239947,99.02,11992,0.0003,85.24102783203125,68.2209701538086,20056
0.05154566094279289,-61.212555149999986,0.01,0.049891334027051926,11,2448,-2.968557834625244,240347,99.02,12012,0.0003,32.688446044921875,68.00140380859375,20235
0.05139642581343651,-60.234911929999996,0.01,0.04989144206047058,11,2452,1.4933490753173828,240747,99.02,12032,0.0003,52.13215255737305,68.6207504272461,20429
0.05125533416867256,-59.785266439999994,0.01,0.04989049956202507,11,2456,-1.7095110416412354,241147,99.02,12052,0.0003,40.895015716552734,68.02570343017578,20618
0.051085107028484344,-59.623979510000005,0.01,0.04988947510719299,11,2460,0.7851422429084778,241547,99.02,12072,0.0003,19.37958526611328,68.70878601074219,20806
0.05091039836406708,-59.43738453000001,0.01,0.04988620802760124,11,2464,-3.2841691970825195,241947,99.02,12092,0.0003,35.30001449584961,68.41700744628906,20973
0.05080867558717728,-58.79476293,0.01,0.04988923668861389,11,2468,-3.797478675842285,242347,99.02,12112,0.0003,37.53225326538086,68.02665710449219,21149
0.05066283047199249,-58.50759894,0.01,0.04988696426153183,11,2472,-5.363129615783691,242747,99.02,12132,0.0003,108.83882904052734,67.80245971679688,21321
0.050514306873083115,-58.14033463999999,0.01,0.04988516494631767,11,2476,-1.183091640472412,243147,99.02,12152,0.0003,48.80540466308594,68.88319396972656,21492
0.05036654695868492,-57.617129,0.01,0.049884434789419174,11,2480,0.0979701578617096,243547,99.02,12172,0.0003,39.85798645019531,68.7185287475586,21685
0.050220079720020294,-58.212885889999995,0.01,0.04988337680697441,11,2484,-4.109462738037109,243947,99.02,12192,0.0003,24.153993606567383,68.16016387939453,21847
0.050076864659786224,-58.032242860000004,0.01,0.04988318681716919,11,2488,-0.38578906655311584,244347,99.02,12212,0.0003,45.674495697021484,67.25446319580078,22033
0.04994317889213562,-58.497943379999995,0.01,0.0498831532895565,11,2492,-0.490716814994812,244747,99.02,12232,0.0003,82.73118591308594,67.75142669677734,22203
0.049791399389505386,-58.1035229,0.01,0.04988107085227966,10,2496,-3.5351622104644775,245147,99.02,12252,0.0003,1.9282010793685913,68.45758819580078,22406
0.04965179041028023,-57.40586765000001,0.01,0.04987769573926926,10,2500,-4.341259956359863,245547,99.02,12272,0.0003,20.005956649780273,67.22386169433594,22590
0.04950361326336861,-56.938500119999986,0.01,0.04987316578626633,10,2504,-1.6797523498535156,245947,99.02,12292,0.0003,33.1270751953125,67.15766143798828,22782
0.049359217286109924,-56.87793446999999,0.01,0.04986855387687683,10,2508,-1.6411012411117554,246347,99.02,12312,0.0003,33.17681884765625,68.26531219482422,22965
0.049237124621868134,-57.87830482,0.0,0.04986488074064255,10,2512,-0.8818860054016113,246747,100.0,12332,0.0003,50.51664733886719,67.63320922851562,23150
0.04910971596837044,-57.72092109000001,0.0,0.0498603880405426,10,2516,-1.953598976135254,247147,100.0,12352,0.0003,52.47650909423828,67.575927734375,23306
0.04898896440863609,-57.16941876999999,0.0,0.049857914447784424,10,2520,-4.191745281219482,247547,100.0,12372,0.0003,16.435226440429688,68.05963134765625,23467
0.04889986664056778,-56.895602230000016,0.0,0.04986084625124931,10,2524,-0.5120789408683777,247947,100.0,12392,0.0003,39.97793197631836,67.82937622070312,23623
0.048821549862623215,-56.60192886000001,0.0,0.04986216127872467,10,2528,-3.6801767349243164,248347,100.0,12412,0.0003,55.444950103759766,67.32710266113281,23775
0.048676490783691406,-57.13538853,0.0,0.049859970808029175,10,2532,-1.34254789352417,248747,100.0,12432,0.0003,22.257305145263672,66.98285675048828,23946
0.04853123053908348,-56.89713887999999,0.0,0.04985632747411728,10,2536,2.724641799926758,249147,100.0,12452,0.0003,68.06685638427734,66.7060546875,24107
0.048396192491054535,-57.2267238,0.0,0.04985344409942627,10,2540,-4.493391036987305,249547,100.0,12472,0.0003,32.97541809082031,67.28524780273438,24270
0.048256877809762955,-56.13721015000001,0.01,0.049848854541778564,10,2544,-3.475888252258301,249848,99.01,12487,0.0003,50.34207534790039,67.43452453613281,24413
0.048091821372509,-56.18263389,0.01,0.04984242841601372,10,2548,0.8401458263397217,250248,99.01,12507,0.0003,71.03274536132812,67.09066009521484,24582
0.04799964278936386,-56.7611628,0.01,0.049841564148664474,10,2552,-1.7987449169158936,250648,99.01,12527,0.0003,17.562803268432617,66.58118438720703,24743
0.04793029651045799,-57.04155301,0.01,0.049844007939100266,10,2556,-4.3853278160095215,251048,99.01,12547,0.0003,46.803462982177734,66.44075775146484,24918
0.04785354062914848,-57.103112360000004,0.01,0.04984612390398979,10,2560,-1.8523035049438477,251448,99.01,12567,0.0003,16.453022003173828,66.492431640625,25096
0.047742463648319244,-56.93435815,0.01,0.049845628440380096,9,2564,-3.2841289043426514,251848,99.01,12587,0.0003,89.1025619506836,66.8773422241211,25269
0.047624778002500534,-56.639050770000004,0.01,0.04984600096940994,9,2568,-2.378268241882324,252248,99.01,12607,0.0003,118.92620086669922,65.98191833496094,25476
0.04755592718720436,-55.844709540000004,0.03,0.04984584450721741,9,2572,0.4057939052581787,252477,97.3,12618,0.0003,90.32638549804688,66.59844207763672,25607
0.047500673681497574,-55.64429760000001,0.04,0.049848370254039764,9,2576,-5.037411212921143,252804,96.57,12635,0.0003,21.196956634521484,65.5435562133789,25757
0.04741010069847107,-55.57404682000001,0.04,0.049849048256874084,9,2580,-5.469212532043457,253204,96.57,12655,0.0003,74.20687866210938,66.74754333496094,25945
0.04727008938789368,-54.55213377999999,0.04,0.04984556883573532,9,2584,-1.4957456588745117,253604,96.57,12675,0.0003,53.87042236328125,65.84208679199219,26114
0.04717105254530907,-53.8022493,0.04,0.0498470775783062,9,2588,-4.0786027908325195,254004,96.57,12695,0.0003,16.956302642822266,66.34207153320312,26252
0.047062236815690994,-53.61804411999999,0.04,0.04984667897224426,9,2592,-0.6202278733253479,254404,96.57,12715,0.0003,19.106538772583008,66.82817077636719,26388
0.04695332795381546,-53.79587206,0.04,0.049845438450574875,9,2596,0.10623040795326233,254804,96.57,12735,0.0003,63.86296463012695,65.86914825439453,26583
0.04683390259742737,-53.66590161000001,0.04,0.049844108521938324,9,2600,-0.22572258114814758,255204,96.57,12755,0.0003,33.30232620239258,66.66000366210938,26761
0.0467139333486557,-54.16744471000001,0.04,0.04984080046415329,9,2604,-2.192835807800293,255604,96.57,12775,0.0003,34.215576171875,66.0155258178711,26909
0.046585895121097565,-54.43361980999999,0.04,0.049836110323667526,9,2608,-1.5023725032806396,256004,96.57,12795,0.0003,38.87736511230469,66.53060913085938,27115
0.046494293957948685,-54.17307835999999,0.04,0.049836426973342896,9,2612,-2.9641168117523193,256404,96.57,12815,0.0003,30.945756912231445,66.31648254394531,27274
0.0463840626180172,-54.61193278,0.04,0.049833595752716064,9,2616,-2.8865838050842285,256804,96.57,12835,0.0003,36.019065856933594,66.0760269165039,27455
0.04627569392323494,-54.95945852,0.04,0.04983247444033623,9,2620,-3.680722236633301,257204,96.57,12855,0.0003,52.221012115478516,66.05245971679688,27627
0.046142637729644775,-55.75103348,0.04,0.04982905834913254,9,2624,1.3124675750732422,257604,96.57,12875,0.0003,110.51937866210938,65.93595886230469,27795
0.046009551733732224,-55.39381383999999,0.04,0.049824994057416916,9,2628,-12.829975128173828,258004,96.57,12895,0.0003,57.94908142089844,65.8823013305664,27970
0.045875728130340576,-55.29650034,0.04,0.04982302337884903,9,2632,-2.776702642440796,258404,96.57,12915,0.0003,18.30297088623047,65.6068344116211,28139
0.04575904458761215,-54.971235639999996,0.04,0.04982084035873413,9,2636,-3.8594276905059814,258804,96.57,12935,0.0003,32.350425720214844,65.73783874511719,28312
0.0456496961414814,-54.47258847,0.04,0.04981943964958191,9,2640,-4.2609052658081055,259204,96.57,12955,0.0003,56.44336700439453,65.30987548828125,28485
0.04556023329496384,-55.10090608,0.03,0.04981973022222519,9,2644,-3.8937478065490723,259604,97.56,12975,0.0003,47.37737274169922,65.55352783203125,28665
0.045424144715070724,-55.726788860000006,0.03,0.04981711506843567,9,2648,-1.3092352151870728,260004,97.56,12995,0.0003,35.90557861328125,65.33979797363281,28858
0.04532290995121002,-55.44957667,0.03,0.04981687664985657,8,2652,1.2237378358840942,260404,97.56,13015,0.0003,35.40632629394531,65.76298522949219,29062
0.045219358056783676,-55.860507000000005,0.03,0.04981711506843567,8,2656,-1.4224833250045776,260804,97.56,13035,0.0003,20.657054901123047,65.37743377685547,29229
0.04513533040881157,-55.585472169999996,0.04,0.04981823265552521,8,2660,0.6010099649429321,261161,97.13,13053,0.0003,32.558448791503906,66.02255249023438,29393
0.04507138207554817,-54.842114390000006,0.05,0.04981839656829834,8,2664,1.4584527015686035,261495,96.47,13069,0.0003,3.214766263961792,65.63827514648438,29528
0.04500184580683708,-54.725824689999996,0.05,0.049818508327007294,8,2668,-0.5634139180183411,261895,96.47,13089,0.0003,88.0361328125,64.68905639648438,29696
0.044913824647665024,-55.405192240000005,0.03,0.049815475940704346,8,2672,-1.509322166442871,262295,98.18,13109,0.0003,23.210426330566406,65.25857543945312,29864
0.04486445337533951,-55.81360510999999,0.02,0.04981740936636925,8,2676,3.8439998626708984,262695,98.91,13129,0.0003,20.6261043548584,65.20457458496094,30049
0.04479203000664711,-56.324854890000005,0.02,0.04981503635644913,8,2680,-0.007092729210853577,263095,98.91,13149,0.0003,38.60529327392578,64.43644714355469,30219
0.04469480738043785,-57.14653259,0.02,0.04981200024485588,8,2684,-1.6445934772491455,263495,98.91,13169,0.0003,54.29637145996094,65.29556274414062,30394
0.04462176561355591,-57.347006279999995,0.02,0.04981215298175812,8,2688,1.4921737909317017,263895,98.91,13189,0.0003,15.506834983825684,64.79875946044922,30548
0.04451460391283035,-57.22422794,0.03,0.04980987310409546,8,2692,-1.7923460006713867,264251,98.47,13207,0.0003,59.21210479736328,65.55064392089844,30695
0.044401831924915314,-56.45774952,0.03,0.04980779439210892,8,2696,1.7695469856262207,264651,98.47,13227,0.0003,64.18247985839844,65.55709075927734,30847
0.044330697506666183,-56.07123310000001,0.04,0.049807485193014145,8,2700,-2.803173065185547,264965,97.61,13243,0.0003,34.507789611816406,65.1474609375,30980
0.04421401768922806,-55.58805726,0.04,0.049804966896772385,8,2704,3.5692129135131836,265365,97.61,13263,0.0003,37.75841522216797,65.4375228881836,31136
0.044139135628938675,-54.95156292000001,0.04,0.04980454593896866,8,2708,2.462446451187134,265765,97.61,13283,0.0003,71.82588958740234,65.31031036376953,31310
0.044061433523893356,-55.572468149999985,0.04,0.04980269819498062,8,2712,-2.7718093395233154,266165,97.61,13303,0.0003,2.5367989540100098,65.57405090332031,31490
0.04395255446434021,-55.95695970999999,0.04,0.04980143904685974,8,2716,-0.642808198928833,266565,97.61,13323,0.0003,96.27355194091797,63.98244094848633,31659
0.043815795332193375,-55.69471832999999,0.04,0.04979640245437622,8,2720,-3.6318607330322266,266965,97.61,13343,0.0003,67.55779266357422,64.11402130126953,31822
0.043677203357219696,-55.161022970000005,0.04,0.049791932106018066,8,2724,0.19912269711494446,267365,97.61,13363,0.0003,32.238548278808594,64.71268463134766,31981
0.043582260608673096,-55.166435760000006,0.04,0.04979000613093376,8,2728,-3.232808828353882,267765,97.61,13383,0.0003,96.75812530517578,64.83232116699219,32153
0.043483804911375046,-55.06605608999999,0.04,0.049787189811468124,8,2732,-0.4424688220024109,268165,97.61,13403,0.0003,111.7633056640625,64.31173706054688,32300
0.04336168244481087,-55.34317011999999,0.04,0.04978402704000473,8,2736,-0.138501837849617,268565,97.61,13423,0.0003,55.554595947265625,64.27410888671875,32470
0.043291062116622925,-55.571071540000005,0.04,0.04978359863162041,8,2740,-0.516075849533081,268965,97.61,13443,0.0003,42.449462890625,64.38543701171875,32631
0.04321005195379257,-56.146955000000005,0.04,0.049782972782850266,8,2744,0.3880806267261505,269365,97.61,13463,0.0003,43.03352355957031,64.22831726074219,32810
0.043116092681884766,-55.72755939,0.04,0.04977889358997345,8,2748,-1.9854315519332886,269765,97.61,13483,0.0003,62.42354965209961,64.25335693359375,32975
0.0429903119802475,-56.09997597,0.04,0.0497724823653698,8,2752,2.3164706230163574,270165,97.61,13503,0.0003,21.80213737487793,64.56267547607422,33129
0.042941540479660034,-55.935722989999995,0.04,0.04977291449904442,8,2756,-2.409177303314209,270565,97.61,13523,0.0003,2.673203468322754,64.27232360839844,33323
0.04288490116596222,-55.8972205,0.03,0.049775078892707825,8,2760,-4.311598300933838,270965,98.04,13543,0.0003,37.117401123046875,63.93281173706055,33484
0.04280785471200943,-56.66866501000001,0.02,0.049772895872592926,8,2764,1.751613974571228,271365,98.7,13563,0.0003,15.436336517333984,64.540283203125,33632
0.04274485632777214,-56.996603050000004,0.02,0.049770455807447433,8,2768,-3.2506556510925293,271765,98.7,13583,0.0003,47.78627014160156,64.19567108154297,33791
0.04273030906915665,-57.33116842,0.02,0.0497719869017601,8,2772,0.4365992546081543,272165,98.7,13603,0.0003,22.838659286499023,64.06623840332031,33947
0.042678024619817734,-56.656246259999996,0.02,0.04977075383067131,7,2776,-2.4159088134765625,272565,98.7,13623,0.0003,66.0623779296875,64.6939926147461,34101
0.042597707360982895,-55.439721020000015,0.03,0.04976891726255417,7,2780,-1.7460124492645264,272949,98.54,13642,0.0003,83.16993713378906,63.4911994934082,34253
0.04257335141301155,-55.03101912,0.03,0.04977048560976982,7,2784,-1.2669777870178223,273349,98.54,13662,0.0003,54.80682373046875,63.892333984375,34409
0.0424933098256588,-54.93967502,0.04,0.04976556822657585,7,2788,2.059509515762329,273705,98.1,13680,0.0003,18.104598999023438,63.588768005371094,34539
0.042417049407958984,-54.93469024000001,0.04,0.049759816378355026,7,2792,1.1523743867874146,274063,98.12,13698,0.0003,15.439140319824219,64.7639389038086,34682
0.042357828468084335,-55.17347672000001,0.04,0.04975877329707146,7,2796,-0.6664708852767944,274463,98.12,13718,0.0003,56.43470764160156,64.31663513183594,34842
0.0423271469771862,-55.39567958000001,0.03,0.04975862428545952,7,2800,0.814067006111145,274863,98.98,13738,0.0003,2.04641056060791,64.1875,34983
0.042328257113695145,-55.54914933,0.03,0.04975990578532219,7,2804,-3.95253849029541,275263,98.98,13758,0.0003,44.65993881225586,65.24684143066406,35138
0.04231211543083191,-55.06083384000001,0.04,0.04975967854261398,7,2808,1.9658403396606445,275566,98.01,13773,0.0003,52.9480094909668,64.09501647949219,35249
0.04223857820034027,-54.37186853,0.04,0.04975246638059616,7,2812,-1.7315394878387451,275966,98.01,13793,0.0003,14.088430404663086,63.72282409667969,35395
0.04216102510690689,-53.46438455999999,0.04,0.049745529890060425,7,2816,-2.4211297035217285,276366,98.01,13813,0.0003,54.06653594970703,63.68446731567383,35549
0.042074840515851974,-52.99464599,0.04,0.04973945766687393,7,2820,-1.9776206016540527,276766,98.01,13833,0.0003,34.38975524902344,63.691490173339844,35703
0.042027778923511505,-53.05961679,0.04,0.04973682761192322,7,2824,-0.011698246002197266,277166,98.01,13853,0.0003,64.28911590576172,62.86540222167969,35857
0.04199999198317528,-53.58722573,0.04,0.049735695123672485,7,2828,2.8611831665039062,277566,98.01,13873,0.0003,2.4786906242370605,63.297733306884766,36030
0.041943252086639404,-53.190870440000005,0.05,0.04973403736948967,7,2832,0.1834830641746521,277904,97.39,13890,0.0003,114.32688903808594,63.560874938964844,36155
0.04189340025186539,-52.85120020999999,0.05,0.049734391272068024,7,2836,0.11737910658121109,278304,97.39,13910,0.0003,40.18860626220703,63.326541900634766,36317
0.041842032223939896,-53.096495049999994,0.05,0.04973481222987175,7,2840,-4.675938606262207,278704,97.39,13930,0.0003,42.11391067504883,63.095359802246094,36468
0.041740331798791885,-52.33953545,0.05,0.049727704375982285,7,2844,-0.07980391383171082,279104,97.39,13950,0.0003,21.020030975341797,63.211952209472656,36639
0.041667599231004715,-52.33821339000001,0.05,0.04972365126013756,7,2848,0.7408208847045898,279504,97.39,13970,0.0003,53.66587448120117,63.71059799194336,36800
0.0416361466050148,-51.82921532,0.05,0.04972435161471367,7,2852,0.7686814665794373,279904,97.39,13990,0.0003,45.36908721923828,62.648895263671875,36951
0.04158799350261688,-50.96522331,0.05,0.04972248896956444,7,2856,0.6466882824897766,280304,97.39,14010,0.0003,75.27317810058594,62.863704681396484,37114
0.04154736176133156,-51.06798321,0.05,0.04972125217318535,7,2860,-6.130321502685547,280704,97.39,14030,0.0003,20.71074676513672,63.413482666015625,37300
0.04151434823870659,-50.94782325,0.05,0.049719274044036865,7,2864,0.4359038472175598,281104,97.39,14050,0.0003,26.995487213134766,63.149139404296875,37474
0.041531313210725784,-50.65209495,0.05,0.04971989989280701,7,2868,3.114467144012451,281504,97.39,14070,0.0003,21.642562866210938,62.6072883605957,37636
0.04154914245009422,-50.73753550000001,0.05,0.049721859395504,7,2872,-1.390889286994934,281904,97.39,14090,0.0003,28.707321166992188,63.07644271850586,37799
0.04149759188294411,-51.46437111,0.05,0.04971865937113762,7,2876,-0.20856568217277527,282304,97.39,14110,0.0003,42.19293975830078,62.650367736816406,37959
0.041461750864982605,-51.17698836,0.05,0.049716345965862274,7,2880,-5.245301246643066,282623,96.74,14126,0.0003,13.366617202758789,63.01957702636719,38087
0.041442204266786575,-50.87600191000001,0.05,0.04971648380160332,7,2884,-0.20361113548278809,283023,96.74,14146,0.0003,77.16557312011719,62.26341247558594,38236
0.04141876474022865,-50.199293880000006,0.05,0.04971470683813095,7,2888,-2.985602855682373,283350,96.45,14162,0.0003,31.10919189453125,63.30834197998047,38359
0.041403114795684814,-50.239755349999996,0.05,0.04971472546458244,7,2892,0.7954018115997314,283692,96.29,14179,0.0003,42.68840026855469,63.04523468017578,38482
0.04138289391994476,-50.056669410000005,0.06,0.04971041530370712,7,2896,0.2570685148239136,284063,96.0,14198,0.0003,43.50206756591797,62.874969482421875,38635
0.04129184037446976,-50.95967329000001,0.06,0.04970419406890869,7,2900,-2.0312881469726562,284463,96.0,14218,0.0003,18.560894012451172,62.90208435058594,38773
0.04121696949005127,-51.258202569999995,0.06,0.049702491611242294,7,2904,-0.49821871519088745,284863,96.0,14238,0.0003,50.23296356201172,62.211875915527344,38917
0.04112836718559265,-52.95772396,0.05,0.049699049443006516,7,2908,-1.3857324123382568,285263,96.97,14258,0.0003,2.9067676067352295,62.09075164794922,39073
0.04104209691286087,-53.140691100000005,0.05,0.04969596117734909,7,2912,2.1931986808776855,285663,96.97,14278,0.0003,24.922222137451172,62.25870132446289,39225
0.04107622429728508,-53.08761993000001,0.05,0.049696870148181915,7,2916,0.3744969964027405,286063,96.97,14298,0.0003,30.657381057739258,61.96705627441406,39384
0.041090287268161774,-53.63985687999999,0.05,0.04969684034585953,7,2920,-2.281179904937744,286463,96.97,14318,0.0003,64.87554931640625,62.17263412475586,39547
0.04108208045363426,-53.73225711,0.05,0.049696117639541626,7,2924,-2.2206802368164062,286863,96.97,14338,0.0003,22.460163116455078,61.49229431152344,39712
0.041050493717193604,-52.775501160000005,0.06,0.04969271272420883,7,2928,0.7421891689300537,287179,96.13,14353,0.0003,37.77936935424805,62.66013717651367,39832
0.04101988300681114,-53.24764327,0.05,0.049689944833517075,7,2932,-0.562736451625824,287579,96.75,14373,0.0003,58.50828552246094,61.810089111328125,40000
0.04102679714560509,-53.89856731999999,0.05,0.04969083517789841,7,2936,-1.1121678352355957,287979,96.75,14393,0.0003,35.45911407470703,61.7728271484375,40148
0.04109630361199379,-53.94352755999999,0.05,0.049695275723934174,7,2940,-0.9307124614715576,288379,96.75,14413,0.0003,44.6202392578125,61.61511993408203,40287
0.04114008694887161,-54.49138204,0.05,0.0496978685259819,7,2944,-0.36809012293815613,288779,96.75,14433,0.0003,58.12384796142578,61.75517272949219,40425
0.04109581559896469,-55.067733899999986,0.05,0.049694400280714035,7,2948,-1.4139608144760132,289179,96.75,14453,0.0003,15.626603126525879,61.438819885253906,40582
0.04107342287898064,-55.59934448999999,0.05,0.04969119280576706,7,2952,2.4386653900146484,289579,96.75,14473,0.0003,33.4571533203125,61.18105697631836,40775
0.04103800654411316,-56.08218297999999,0.05,0.04968756437301636,7,2956,-2.5771071910858154,289979,96.75,14493,0.0003,25.920169830322266,61.824005126953125,40947
0.04100774601101875,-56.27136802,0.05,0.04968726262450218,7,2960,-2.6878294944763184,290379,96.75,14513,0.0003,2.3860268592834473,61.57081604003906,41131
0.04091597720980644,-55.70314853,0.05,0.049681372940540314,7,2964,2.5894322395324707,290779,96.75,14533,0.0003,2.5858421325683594,61.15784454345703,41316
0.04089915379881859,-55.25645608000001,0.05,0.0496806874871254,7,2968,0.7121682167053223,291179,96.75,14553,0.0003,28.430313110351562,61.14342498779297,41472
0.040909264236688614,-54.89104418,0.05,0.04968029260635376,7,2972,4.317511558532715,291579,96.75,14573,0.0003,57.82472610473633,60.859432220458984,41649
0.04091855138540268,-55.00869618000001,0.05,0.04968104511499405,6,2976,0.4805557131767273,291979,96.75,14593,0.0003,27.817373275756836,61.24285888671875,41812
0.04088382422924042,-56.04045733,0.04,0.04967939853668213,6,2980,5.214954376220703,292379,97.56,14613,0.0003,27.685388565063477,61.33232116699219,41974
0.04088480770587921,-56.05347827999999,0.04,0.04967736452817917,6,2984,-1.4081356525421143,292779,97.56,14633,0.0003,78.56845092773438,61.3494873046875,42121
0.040886152535676956,-57.43308214999998,0.03,0.049676112830638885,6,2988,3.1205263137817383,293179,98.29,14653,0.0003,79.6983642578125,61.922882080078125,42286
0.040890149772167206,-58.086173549999984,0.02,0.04967352747917175,6,2992,2.582730293273926,293579,98.87,14673,0.0003,70.78753662109375,61.132781982421875,42453
0.04088476300239563,-58.63031061000001,0.01,0.04967276751995087,6,2996,0.6028906106948853,293979,99.16,14693,0.0003,31.48992347717285,61.61394500732422,42584
0.04087652638554573,-57.67261587,0.01,0.049671612679958344,6,3000,-5.218255043029785,294379,99.16,14713,0.0003,13.671440124511719,61.15172576904297,42736
0.04085492715239525,-57.42606378000001,0.01,0.04967205971479416,6,3004,0.03665447235107422,294779,99.16,14733,0.0003,29.73344612121582,61.50086975097656,42877
0.04083424061536789,-56.07427759,0.01,0.04967263340950012,6,3008,-3.7932159900665283,295179,99.16,14753,0.0003,1.9716081619262695,60.66804122924805,43025
0.040841057896614075,-55.479810549999996,0.02,0.04967363923788071,6,3012,0.1230362057685852,295541,98.78,14772,0.0003,28.11282730102539,59.63225173950195,43150
0.04089740663766861,-56.67903609000001,0.02,0.049676381051540375,6,3016,-1.0001096725463867,295941,98.78,14792,0.0003,13.702657699584961,60.585548400878906,43309
0.04086637124419212,-56.73517889000001,0.02,0.049672793596982956,6,3020,1.6692365407943726,296341,98.78,14812,0.0003,20.18572998046875,61.07091522216797,43462
0.04083961620926857,-57.065234960000005,0.02,0.049668893218040466,6,3024,0.009408831596374512,296741,98.78,14832,0.0003,46.59385681152344,60.80831527709961,43624
0.040789276361465454,-57.91995239999999,0.01,0.04966363310813904,6,3028,0.6101028919219971,297141,99.62,14852,0.0003,43.30748748779297,61.06528854370117,43771
0.04078492149710655,-58.67742142,0.01,0.04966413229703903,6,3032,0.8740769624710083,297541,99.62,14872,0.0003,1.9345229864120483,60.68486022949219,43940
0.04074941575527191,-57.85858127,0.01,0.049664609134197235,6,3036,-3.8826189041137695,297941,99.62,14892,0.0003,71.64739990234375,60.631813049316406,44087
0.040714628994464874,-57.659135940000006,0.01,0.049662813544273376,6,3040,-4.656371116638184,298341,99.62,14912,0.0003,30.06946563720703,59.643104553222656,44242
0.040680114179849625,-57.35948405000001,0.01,0.04965844750404358,6,3044,-2.141240119934082,298741,99.62,14932,0.0003,47.62646484375,60.63861846923828,44393
0.040647055953741074,-56.712707179999995,0.01,0.049654893577098846,6,3048,0.1739266961812973,299141,99.62,14952,0.0003,1.7147386074066162,59.953155517578125,44539
0.04064135625958443,-56.24134607,0.01,0.04965490847826004,6,3052,2.4894590377807617,299541,99.62,14972,0.0003,47.59792709350586,60.17698669433594,44695
0.04068446159362793,-56.525077259999996,0.01,0.049657560884952545,6,3056,2.403482675552368,299941,99.62,14992,0.0003,17.00061798095703,60.24971389770508,44838
