time/episodes,train/learning_rate,rollout/success rate,time/total timesteps,train/actor_loss,train/n_updates,train/critic_loss,time/fps,rollout/ep_rew_mean,rollout/ep_len_mean,time/time_elapsed
1,0.001,1.0,2478,4.114475440979004,2300,0.01778363175690174,20,-1490.347746,2478.0,122
2,0.001,1.0,5810,6.887146968841552,5700,0.15504754558205605,20,-1258.7401209999998,2905.0,282
3,0.001,0.6666666666666666,10810,23.434993553161622,10700,0.5294746479392052,19,-5049.337537333334,3603.3333333333335,544
4,0.001,0.5,15810,46.59144073486328,15700,1.6302085435390472,19,-7203.0337930000005,3952.5,797
5,0.001,0.4,20810,63.793863220214845,20700,3.1579725307226183,19,-7608.799151600001,4162.0,1049
6,0.001,0.3333333333333333,25810,85.65543350219727,25700,5.623616366386414,19,-9557.010847500002,4301.666666666667,1293
7,0.001,0.2857142857142857,30810,106.84975128173828,30700,6.186804490089417,20,-10200.332945285716,4401.428571428572,1537
8,0.001,0.25,35810,127.5357748413086,35700,9.06753250360489,20,-10803.730866875001,4476.25,1782
9,0.001,0.2222222222222222,40810,141.07525787353515,40700,12.81264774799347,20,-10928.024971666668,4534.444444444444,2028
10,0.001,0.2,45810,150.42169677734375,45700,11.123132319450379,20,-10898.491478000002,4581.0,2273
11,0.001,0.18181818181818182,50810,168.0950030517578,50700,13.017626190185547,20,-11531.091643363638,4619.090909090909,2519
12,0.001,0.16666666666666666,55810,176.78408203125,55700,23.582619276046753,20,-11441.5622115,4650.833333333333,2758
13,0.001,0.15384615384615385,60810,176.45442474365234,60700,18.016474957466126,20,-10983.80012923077,4677.692307692308,3000
14,0.001,0.14285714285714285,65810,184.23206665039064,65700,20.12883993625641,20,-11033.608153142859,4700.714285714285,3243
15,0.001,0.13333333333333333,70810,189.33428771972658,70700,79.42056334018707,20,-11083.792197533334,4720.666666666667,3486
16,0.001,0.125,75810,194.29071533203125,75700,20.451261529922487,20,-11191.1345528125,4738.125,3728
17,0.001,0.11764705882352941,80810,198.99095947265624,80700,19.444157061576842,20,-11216.255776176471,4753.529411764706,3970
18,0.001,0.1111111111111111,85810,198.3056396484375,85700,22.756081337928773,20,-10808.961568722221,4767.222222222223,4212
19,0.001,0.10526315789473684,90810,195.73229766845702,90700,43.24851377010346,20,-10531.030829842104,4779.473684210527,4456
20,0.001,0.1,95810,193.18940216064453,95700,24.447120318412782,20,-10155.3597638,4790.5,4701
21,0.001,0.09523809523809523,100810,188.96853546142577,100700,35.147578587532045,20,-9798.688794809523,4800.476190476191,4946
22,0.001,0.09090909090909091,105810,193.01619079589844,105700,14.380607604980469,20,-9903.810411545453,4809.545454545455,5189
23,0.001,0.13043478260869565,106319,191.67418121337892,106200,25.774906821250916,20,-9482.524515913043,4622.565217391304,5222
24,0.001,0.125,111319,187.50580657958983,111200,19.12479543209076,20,-9220.112998875002,4638.291666666667,5468
25,0.001,0.12,116319,188.3915399169922,116200,42.46517869949341,20,-9388.428085040001,4652.76,5708
26,0.001,0.11538461538461539,121319,189.87594909667968,121200,33.70891056060791,20,-9311.678787384617,4666.115384615385,5951
27,0.001,0.1111111111111111,126319,187.2054522705078,126200,16.327443742752074,20,-9085.987546555556,4678.481481481482,6195
28,0.001,0.10714285714285714,131319,183.86426361083986,131200,28.5450843334198,20,-8992.999290107144,4689.964285714285,6437
29,0.001,0.10344827586206896,136319,184.22939056396484,136200,13.193678693771362,20,-9039.162891896553,4700.6551724137935,6681
30,0.001,0.1,141319,182.11441192626953,141200,14.26231292963028,20,-8859.044053533335,4710.633333333333,6923
31,0.001,0.0967741935483871,146319,179.83262237548828,146200,15.046122612953186,20,-8762.959781741936,4719.967741935484,7167
32,0.001,0.09375,151319,183.5619467163086,151200,15.744695601463318,20,-8882.53196015625,4728.71875,7406
33,0.001,0.09090909090909091,156319,179.61622650146484,156200,65.691169962883,20,-8733.008716121212,4736.939393939394,7650
34,0.001,0.08823529411764706,161319,180.7399465942383,161200,38.869739847183226,20,-8709.127884058822,4744.676470588235,7894
35,0.001,0.11428571428571428,165665,176.18184661865234,165500,11.503135075569153,20,-8588.483118457143,4733.285714285715,8117
36,0.001,0.1111111111111111,170665,175.53088348388673,170500,23.300233163833617,20,-8445.76230511111,4740.694444444444,8362
37,0.001,0.10810810810810811,175665,172.34991119384765,175500,19.855529906749727,20,-8462.07162462162,4747.7027027027025,8606
38,0.001,0.10526315789473684,180665,169.01679077148438,180500,39.17681831359863,20,-8350.353731789472,4754.3421052631575,8856
39,0.001,0.10256410256410256,185665,168.70968688964842,185500,12.30987829208374,20,-8287.162347102561,4760.641025641025,9101
40,0.001,0.1,190665,168.9962612915039,190500,22.399921593666075,20,-8195.373892325,4766.625,9346
41,0.001,0.0975609756097561,195665,166.69562286376953,195500,16.925550527572632,20,-8287.105705292683,4772.317073170731,9593
42,0.001,0.09523809523809523,200665,168.13716522216797,200500,13.581905903816223,20,-8210.881692666666,4777.738095238095,9835
43,0.001,0.09302325581395349,205665,166.09952667236328,205500,22.654680099487305,20,-8222.44999332558,4782.906976744186,10080
44,0.001,0.09090909090909091,210665,164.3624530029297,210500,8.176479661464692,20,-8245.42630140909,4787.840909090909,10326
45,0.001,0.08888888888888889,215665,163.62472045898437,215500,24.802621891498564,20,-8197.440597555555,4792.555555555556,10568
46,0.001,0.08695652173913043,220665,162.49924377441405,220500,11.790207326412201,20,-8096.347445173913,4797.065217391304,10815
47,0.001,0.0851063829787234,225665,164.36554901123046,225500,28.410509643554686,20,-8144.218263404256,4801.382978723404,11054
48,0.001,0.08333333333333333,230665,158.79880432128905,230500,27.864705429077148,20,-8059.331067229167,4805.520833333333,11295
49,0.001,0.08163265306122448,235665,158.0681396484375,235500,20.600306494235994,20,-7978.070662061225,4809.489795918367,11540
50,0.001,0.08,240665,158.20601348876954,240500,17.90276489019394,20,-7958.628783300001,4813.3,11783
51,0.001,0.0784313725490196,245665,155.54962036132812,245500,10.234125533103942,20,-7929.562021274511,4816.9607843137255,12033
52,0.001,0.09615384615384616,247197,158.54903411865234,247000,9.19221778869629,20,-7800.174174903847,4753.788461538462,12111
53,0.001,0.09433962264150944,252197,157.23553588867188,252000,34.2032581782341,20,-7827.462448622643,4758.433962264151,12354
54,0.001,0.09259259259259259,257197,158.02100646972656,257000,25.743564665317535,20,-7719.619028685186,4762.907407407408,12600
55,0.001,0.09090909090909091,262197,156.4832012939453,262000,25.597774724960328,20,-7784.683485000001,4767.218181818182,12843
56,0.001,0.08928571428571429,267197,154.23252838134766,267000,9.906010997295379,20,-7730.176895839286,4771.375,13087
57,0.001,0.08771929824561403,272197,156.7093975830078,272000,20.095921015739442,20,-7721.533961614035,4775.3859649122805,13330
58,0.001,0.10344827586206896,274159,154.05016174316407,274000,9.40303492307663,20,-7600.9493421034485,4726.879310344828,13421
59,0.001,0.1016949152542373,279159,155.36706604003905,279000,20.679873700141908,20,-7640.764233050847,4731.5084745762715,13667
60,0.001,0.1,284159,157.2254379272461,284000,25.342745208740233,20,-7722.228654233333,4735.983333333334,13912
61,0.001,0.09836065573770492,289159,150.94880279541016,289000,10.496463680267334,20,-7624.988832639344,4740.311475409836,14158
62,0.001,0.0967741935483871,294159,153.82767517089843,294000,7.364761555194855,20,-7649.799820838709,4744.5,14403
63,0.001,0.09523809523809523,299159,154.88941467285156,299000,16.813817870616912,20,-7665.681300746031,4748.555555555556,14648
64,0.001,0.09375,304159,153.25964721679688,304000,6.018096191883087,20,-7673.595424125,4752.484375,14895
65,0.001,0.09230769230769231,309159,153.76238220214844,309000,44.073250050544736,20,-7658.624721876923,4756.292307692308,15138
66,0.001,0.09090909090909091,314159,152.55978546142578,314000,21.794257278442384,20,-7592.961235772727,4759.984848484848,15381
67,0.001,0.08955223880597014,319159,151.14645324707033,319000,12.14241359949112,20,-7604.152568522388,4763.567164179104,15624
68,0.001,0.10294117647058823,320899,154.41915161132812,320700,10.624882850646973,20,-7506.0746105,4719.10294117647,15704
69,0.001,0.10144927536231885,325899,151.39845977783204,325700,24.701536026000976,20,-7526.709362985507,4723.173913043478,15946
70,0.001,0.1,330899,151.62263916015624,330700,18.492716155052186,20,-7449.865683957143,4727.128571428571,16189
71,0.001,0.09859154929577464,335899,151.30241622924805,335700,17.94883461713791,20,-7421.751291929577,4730.971830985915,16433
72,0.001,0.09722222222222222,340899,148.5527392578125,340700,13.846382868289947,20,-7363.860928680555,4734.708333333333,16677
73,0.001,0.0958904109589041,345899,148.6933822631836,345700,13.175878970623016,20,-7332.006763534246,4738.342465753424,16921
74,0.001,0.0945945945945946,350899,149.64521759033204,350700,11.442873475551606,20,-7308.789965148647,4741.878378378378,17165
75,0.001,0.10666666666666667,354631,148.09122344970703,354500,12.189159269332885,20,-7293.627358386666,4728.413333333333,17345
76,0.001,0.10526315789473684,359631,146.88061096191407,359500,14.685275764465333,20,-7267.791468539473,4731.986842105263,17588
77,0.001,0.1038961038961039,364631,149.89216033935546,364500,27.535858952999114,20,-7345.51283212987,4735.467532467533,17835
78,0.001,0.11538461538461539,366841,148.9438134765625,366700,20.441249270439148,20,-7265.176261397435,4703.089743589743,17947
79,0.001,0.11392405063291139,371841,149.74668090820313,371700,15.433547697067262,20,-7249.009204240506,4706.848101265823,18188
80,0.001,0.1125,376841,149.34048126220702,376700,25.97732871055603,20,-7209.164522612499,4710.5125,18429
81,0.001,0.1111111111111111,381841,148.73381881713868,381700,26.043104269504546,20,-7212.146042160493,4714.086419753086,18669
82,0.001,0.10975609756097561,386841,146.6269500732422,386700,8.498495576381684,20,-7190.197700012194,4717.573170731707,18912
83,0.001,0.10843373493975904,391841,147.78690673828126,391700,14.662000961303711,20,-7184.679634084336,4720.975903614458,19153
84,0.001,0.10714285714285714,396841,148.15380645751952,396700,30.96900707244873,20,-7177.009104297618,4724.297619047619,19393
85,0.001,0.10588235294117647,401841,148.7461245727539,401700,13.995802323818207,20,-7104.64917695294,4727.541176470589,19636
86,0.001,0.10465116279069768,406841,147.63144622802736,406700,26.206603405475615,20,-7035.591103906976,4730.709302325581,19879
87,0.001,0.10344827586206896,411841,146.63128234863282,411700,27.870356609821318,20,-7022.04567029885,4733.80459770115,20122
88,0.001,0.10227272727272728,416841,149.78564910888673,416700,22.134060189723968,20,-7095.14099271591,4736.829545454545,20366
89,0.001,0.10112359550561797,421841,151.48279571533203,421700,38.12059385538101,20,-7122.626695078652,4739.786516853933,20610
90,0.001,0.1111111111111111,423093,148.96686126708985,422900,43.05634048461914,20,-7056.405319466667,4701.033333333334,20671
91,0.001,0.10989010989010989,428093,151.47801055908204,427900,15.983332674503327,20,-7037.034852692309,4704.318681318681,20916
92,0.001,0.10869565217391304,433093,150.04747467041017,432900,7.381241064071656,20,-7013.53452902174,4707.532608695652,21159
93,0.001,0.11827956989247312,435734,148.4439910888672,435600,16.51020822286606,20,-6947.781650989247,4685.311827956989,21285
94,0.001,0.11702127659574468,440734,146.92697875976563,440600,12.7179531955719,20,-6954.006244361703,4688.659574468085,21529
95,0.001,0.11578947368421053,445734,148.64203033447265,445600,7.97894127368927,20,-6928.28687771579,4691.936842105263,21774
96,0.001,0.11458333333333333,450734,150.10078979492187,450600,13.496504036188126,20,-6936.679410791666,4695.145833333333,22017
97,0.001,0.1134020618556701,455734,148.86412048339844,455600,25.99957819223404,20,-6907.452710484535,4698.288659793814,22260
98,0.001,0.11224489795918367,460734,148.0468898010254,460600,21.76788535118103,20,-6877.350398816325,4701.367346938776,22503
99,0.001,0.1111111111111111,465734,147.26719299316406,465600,18.04229568004608,20,-6909.48677990909,4704.383838383838,22747
100,0.001,0.11,470734,147.5783201599121,470600,20.907546730041503,20,-6869.973375769998,4707.34,22992
101,0.001,0.1,475734,146.30764511108399,475600,3.3282243847846984,20,-6868.473871639999,4732.56,23233
102,0.001,0.09,480734,145.48628356933594,480600,8.125359973907472,20,-6937.065326719999,4749.24,23478
103,0.001,0.1,485324,146.6011703491211,485200,15.387157452106475,20,-6872.847349449998,4745.14,23693
104,0.001,0.1,490324,146.10190353393554,490200,17.317035425901413,20,-6760.403994239999,4745.14,23935
105,0.001,0.11,494179,145.2351821899414,494000,5.668905985355377,20,-6690.665052619999,4733.69,24121
106,0.001,0.11,499179,141.96334899902342,499000,11.175403969287872,20,-6505.098203489999,4733.69,24366
107,0.001,0.12,500599,142.64632827758788,500400,22.08505430698395,20,-6378.333047339999,4697.89,24441
108,0.001,0.12,505599,139.92062454223634,505400,5.715072023868561,20,-6273.29594382,4697.89,24684
109,0.001,0.13,508979,139.573035736084,508800,13.143691514730454,20,-6170.52475902,4681.69,24847
110,0.001,0.13,513979,139.48964096069335,513800,9.343761669397354,20,-6135.21989711,4681.69,25090
111,0.001,0.13,518979,138.46489700317383,518800,10.199013174772263,20,-5970.4140605,4681.69,25333
112,0.001,0.14,521712,137.68871109008788,521600,10.291004972457886,20,-5897.825036550002,4659.02,25465
113,0.001,0.14,526712,138.50778930664063,526600,6.726691756248474,20,-5898.518592040002,4659.02,25710
114,0.001,0.14,531712,138.41354522705078,531600,18.94858054637909,20,-5831.881076500002,4659.02,25954
115,0.001,0.14,536712,137.68085357666016,536600,3.4240397989749907,20,-5728.500659650002,4659.02,26198
116,0.001,0.15,541183,140.7850897216797,541000,7.601925481557846,20,-5665.124563070001,4653.73,26420
117,0.001,0.15,546183,138.59263031005858,546000,18.147754096984862,20,-5611.928966450001,4653.73,26663
118,0.001,0.15,551183,139.22262145996095,551000,7.427949489355087,20,-5611.33899755,4653.73,26904
119,0.001,0.16,552641,138.41494232177735,552500,4.437759618759156,20,-5560.403594709999,4618.31,26977
120,0.001,0.17,552961,139.21943954467773,552800,15.724083787202835,20,-5531.364738040001,4571.51,26990
121,0.001,0.18,555760,135.95837631225587,555600,25.091116194725036,20,-5527.831288289999,4549.5,27124
122,0.001,0.19,556510,137.5042872619629,556400,31.047143005132675,20,-5413.394318469999,4507.0,27165
123,0.001,0.18,561510,137.2146714782715,561400,8.516694618463516,20,-5487.70463514,4551.91,27409
124,0.001,0.19,563620,135.82916473388673,563500,19.19393682718277,20,-5458.317748490001,4523.01,27510
125,0.001,0.2,564038,136.63755966186523,563900,26.788534326553346,20,-5324.58246856,4477.19,27533
126,0.001,0.2,569038,136.0841897583008,568900,17.273071978092194,20,-5292.071345630001,4477.19,27781
127,0.001,0.2,574038,136.90049346923828,573900,34.44875066757202,20,-5275.564240800001,4477.19,28025
128,0.001,0.2,579038,136.54618438720703,578900,4.088015201091767,20,-5288.5874850400005,4477.19,28267
129,0.001,0.2,584038,132.50597961425783,583900,9.924730449914932,20,-5257.8660193,4477.19,28511
130,0.001,0.2,589038,136.2251823425293,588900,3.025340259075165,20,-5261.51844562,4477.19,28753
131,0.001,0.2,594038,135.34563415527344,593900,10.480537074804307,20,-5225.1802139,4477.19,28996
132,0.001,0.21,597842,135.34438674926758,597700,7.239424884319305,20,-5137.90230548,4465.23,29184
133,0.001,0.21,602842,136.96061080932617,602700,11.642973662614823,20,-5156.615368479999,4465.23,29426
134,0.001,0.21,607842,136.14542922973632,607700,23.80798646569252,20,-5136.35518274,4465.23,29669
135,0.001,0.21,609371,134.6934799194336,609200,19.791900458335878,20,-5101.49356217,4437.06,29744
136,0.001,0.22,611631,134.39549362182618,611500,6.426547507047653,20,-5075.3327136299995,4409.66,29852
137,0.001,0.22,616631,133.87045776367188,616500,13.394284060001374,20,-5022.160372949999,4409.66,30095
138,0.001,0.22,621631,131.3094105529785,621500,7.776212846040726,20,-4994.167773679999,4409.66,30336
139,0.001,0.22,626631,135.24057006835938,626500,7.849590766429901,20,-5066.988249409999,4409.66,30579
140,0.001,0.22,631631,135.34444061279297,631500,23.46036356449127,20,-5095.41743822,4409.66,30823
141,0.001,0.22,636631,134.7971353149414,636500,20.49718035578728,20,-5002.92499977,4409.66,31070
142,0.001,0.22,641631,134.58822341918946,641500,15.599418406486512,20,-4998.40830159,4409.66,31312
143,0.001,0.23,646614,132.32546981811524,646500,63.41705689430237,20,-4937.397678359999,4409.49,31554
144,0.001,0.23,651614,130.9094302368164,651500,43.93139464020729,20,-4903.53194468,4409.49,31799
145,0.001,0.23,656614,134.17855834960938,656500,26.6880811047554,20,-4929.449633499999,4409.49,32044
146,0.001,0.24,660899,132.6222315979004,660700,29.995184317827224,20,-4908.6646855,4402.34,32259
147,0.001,0.24,665899,132.21293197631837,665700,9.766794455051421,20,-4872.42446986,4402.34,32503
148,0.001,0.25,670073,133.93677459716798,669900,45.063043818473815,20,-4906.04098544,4394.08,32703
149,0.001,0.26,673053,130.6033187866211,672900,11.391455272436142,20,-4887.40024552,4373.88,32844
150,0.001,0.26,678053,134.73917572021483,677900,4.722007932662964,20,-4884.208740409999,4373.88,33087
151,0.001,0.26,683053,134.68215209960937,682900,4.323633711338044,20,-4881.70196364,4373.88,33329
152,0.001,0.25,688053,132.93720428466796,687900,7.617194808721543,20,-4889.71586069,4408.56,33575
153,0.001,0.25,693053,130.86812911987306,692900,20.04774941325188,20,-4837.07560797,4408.56,33819
154,0.001,0.25,698053,130.97194229125978,697900,14.561309976577759,20,-4844.66607402,4408.56,34063
155,0.001,0.26,698941,130.74210388183593,698800,17.417889075279234,20,-4738.17015398,4367.44,34110
156,0.001,0.26,703941,128.99190490722657,703800,21.567584161758422,20,-4700.02126919,4367.44,34355
157,0.001,0.26,708941,130.61517517089842,708800,5.6489864611625675,20,-4728.5598931899995,4367.44,34599
158,0.001,0.25,713941,131.56896926879884,713800,7.337269552946091,20,-4832.324723690001,4397.82,34841
159,0.001,0.26,716871,127.67661376953124,716700,15.67194936156273,20,-4755.90450207,4377.12,34980
160,0.001,0.26,721871,132.57382003784178,721700,9.275422258377075,20,-4708.552537289999,4377.12,35224
161,0.001,0.27,726484,130.88441116333007,726300,9.470541658401489,20,-4733.1444294699995,4373.25,35452
162,0.001,0.28,729662,132.94645706176757,729500,2.877088885307312,20,-4666.413573619999,4355.03,35603
163,0.001,0.28,734662,132.08274169921876,734500,8.343560381531715,20,-4657.927994219999,4355.03,35846
164,0.001,0.28,739662,130.36946395874023,739500,10.492411623001098,20,-4654.18647769,4355.03,36088
165,0.001,0.28,744662,130.15943939208984,744500,14.564432348012923,20,-4679.131774830001,4355.03,36332
166,0.001,0.28,749662,134.1871159362793,749500,8.40325610280037,20,-4699.25104525,4355.03,36576
167,0.001,0.29,750516,132.67122344970704,750400,17.379782114624977,20,-4619.58413993,4313.57,36623
168,0.001,0.29,755183,132.32244659423827,755000,29.317155488729476,20,-4622.37066803,4342.84,36843
169,0.001,0.3,755893,130.7216082763672,755700,16.091909409761428,20,-4534.85297015,4299.94,36882
170,0.001,0.3,760893,129.70626022338868,760700,2.581502293944359,20,-4542.93549764,4299.94,37124
171,0.001,0.3,765893,128.82201721191407,765700,6.80881739616394,20,-4537.22469709,4299.94,37368
172,0.001,0.3,770893,131.4743438720703,770700,8.681151829957962,20,-4625.36613726,4299.94,37611
173,0.001,0.3,775893,133.7600567626953,775700,11.116937111616135,20,-4639.740365759999,4299.94,37854
174,0.001,0.3,780893,129.10660140991212,780700,7.7289485681056975,20,-4633.29864994,4299.94,38101
175,0.001,0.29,785893,130.80590148925782,785700,4.981567642688751,20,-4648.92685495,4312.62,38344
176,0.001,0.3,790775,130.97139053344728,790600,6.305879333019257,20,-4660.98816426,4311.44,38584
177,0.001,0.31,793978,130.94265991210938,793800,10.742242187261581,20,-4548.61298995,4293.47,38735
178,0.001,0.3,798978,130.96532302856446,798800,10.359879233837127,20,-4586.181947,4321.37,38977
179,0.001,0.31,800554,127.94007553100586,800400,25.725579562187196,20,-4540.312626909999,4287.13,39052
180,0.001,0.32,804660,130.05266494750975,804500,10.335491429567337,20,-4508.60679085,4278.19,39261
181,0.001,0.33,805808,129.58245864868164,805700,38.909173666238786,20,-4437.60660546,4239.67,39314
182,0.001,0.34,808464,131.98073348999023,808300,5.9796677142381665,20,-4391.085761310001,4216.23,39447
183,0.001,0.34,813464,128.5196435546875,813300,12.108651140332222,20,-4347.98430571,4216.23,39692
184,0.001,0.35,817030,129.93346298217773,816900,8.5048737180233,20,-4299.24842818,4201.89,39859
185,0.001,0.35,822030,128.29287673950196,821900,4.791838264465332,20,-4342.83957756,4201.89,40102
186,,0.36,822087,,,,20,-4331.14173266,4152.46,40106
187,0.001,0.37,824165,127.13160064697266,824000,6.85454748749733,20,-4294.74577005,4123.24,40207
188,0.001,0.37,829165,129.69592971801757,829000,16.15133907198906,20,-4222.05451602,4123.24,40451
189,0.001,0.37,834165,129.79406127929687,834000,2.743800678253174,20,-4173.020328809999,4123.24,40694
190,0.001,0.37,835899,127.34723510742188,835700,28.510520929098128,20,-4183.624796,4128.06,40776
191,0.001,0.37,840899,128.8098942565918,840700,4.664943588972092,20,-4178.679789739999,4128.06,41019
192,0.001,0.38,842150,127.6946321105957,842000,8.043847204446793,20,-4134.70428606,4090.57,41081
193,0.001,0.37,847150,128.6917741394043,847000,4.601181826591492,20,-4154.50989537,4114.16,41326
194,0.001,0.38,847549,126.25259490966796,847400,8.690635857582093,20,-4079.2651799599994,4068.15,41353
195,0.001,0.39,849786,127.60047988891601,849600,6.969783316850663,20,-4051.25560039,4040.52,41456
196,0.001,0.39,854786,127.48257995605469,854600,17.15771458029747,20,-4120.1851857,4040.52,41702
197,0.001,0.4,859081,125.8379817199707,858900,7.0579066157341,20,-4105.7292805199995,4033.47,41916
198,0.001,0.4,864081,125.71386383056641,863900,3.705260747075081,20,-4092.50941443,4033.47,42158
199,0.001,0.4,869081,127.5937239074707,868900,24.37164407491684,20,-4014.0247175000004,4033.47,42404
200,0.001,0.4,874081,126.2990951538086,873900,3.759622424840927,20,-4001.54774222,4033.47,42648
201,0.001,0.41,876806,127.58219528198242,876700,13.660015189647675,20,-4004.0346776400006,4010.72,42780
202,0.001,0.42,880855,125.38031768798828,880700,14.33453124165535,20,-3950.6266391500003,4001.21,42976
203,0.001,0.41,885855,125.84966125488282,885700,7.666445039510727,20,-3932.4266419499995,4005.31,43219
204,0.001,0.41,890855,128.5220425415039,890700,16.31651090025902,20,-3975.630579179999,4005.31,43463
205,0.001,0.41,893864,123.37639678955078,893700,8.708712205290794,20,-3967.6754342899994,3996.85,43614
206,0.001,0.41,898864,125.57609909057618,898700,2.8485325974226,20,-3990.94342191,3996.85,43861
207,0.001,0.41,903715,124.69221954345703,903600,7.985233927965164,20,-4006.8614505699998,4031.16,44095
208,0.001,0.42,906337,125.09243637084961,906200,6.471168449521064,20,-3997.75535984,4007.38,44224
209,0.001,0.41,911337,126.0033219909668,911200,7.510259902477264,20,-4012.67636585,4023.58,44467
210,0.001,0.41,916337,124.96832046508788,916200,3.536467663049698,20,-3988.134206519999,4023.58,44712
211,0.001,0.41,921337,123.76533248901367,921200,24.420513944625853,20,-4006.533303909999,4023.58,44956
212,0.001,0.41,925687,123.58002151489258,925500,13.19173405945301,20,-4020.2852794599994,4039.75,45174
213,0.001,0.41,930687,122.33263153076172,930500,4.226029257178307,20,-4006.1846039699994,4039.75,45419
214,0.001,0.41,935687,125.24164276123047,935500,6.2088273924589155,20,-3977.7532694300003,4039.75,45662
215,0.001,0.42,938939,123.86865966796876,938800,6.384998674988747,20,-3978.29283272,4022.27,45818
216,0.001,0.42,943686,125.3200636291504,943500,3.740378577709198,20,-3952.7443725300004,4025.03,46048
217,0.001,0.43,947532,123.69118240356445,947400,12.333045110106468,20,-3931.05517066,4013.49,46235
218,0.001,0.44,947944,120.80259246826172,947800,17.72987828850746,20,-3894.00122483,3967.61,46263
219,0.001,0.44,952517,124.2904360961914,952400,25.243448333740233,20,-3916.9451037899994,3998.76,46479
220,0.001,0.43,957517,125.10160873413086,957400,4.9776167237758635,20,-4033.8696991999996,4045.56,46723
221,0.001,0.42,962517,122.79087158203124,962400,15.651807976961136,20,-4034.03185657,4067.57,46966
222,0.001,0.42,964120,123.4478677368164,964000,9.566438891887664,20,-4034.0950022499997,4076.1,47042
223,0.001,0.42,969120,122.88527587890626,969000,9.71322682619095,20,-4051.3272773399995,4076.1,47288
224,0.001,0.42,970919,123.27173980712891,970800,9.841956086754799,20,-4073.6948432999993,4072.99,47382
225,0.001,0.41,975919,121.55892578125,975800,7.084695951938629,20,-4199.53636047,4118.81,47628
226,0.001,0.41,980919,125.29522201538086,980800,13.931907349824906,20,-4209.19466372,4118.81,47872
227,0.001,0.41,985919,124.86750625610351,985800,9.936989995241165,20,-4315.54426435,4118.81,48115
228,0.001,0.42,989725,124.14522308349609,989600,6.52480676651001,20,-4266.13458165,4106.87,48298
229,0.001,0.43,993801,124.29069366455079,993700,4.495489213466644,20,-4214.88348219,4097.63,48494
230,0.001,0.43,998801,123.38840744018555,998700,3.019512713551521,20,-4217.26296237,4097.63,48737
231,0.001,0.43,1003801,124.17528518676758,1003700,2.9897797095775602,20,-4262.77257299,4097.63,48981
232,0.001,0.43,1006108,125.47101364135742,1006000,5.102248288393021,20,-4246.01494746,4082.66,49093
233,0.001,0.44,1009907,126.47797653198242,1009800,3.503544406294823,20,-4220.58337599,4070.65,49279
234,0.001,0.44,1014907,122.92312225341797,1014800,4.4787735080719,20,-4181.487365049999,4070.65,49525
235,0.001,0.44,1018899,123.19709228515624,1018700,3.3439467644691465,20,-4214.32961215,4095.28,49719
236,0.001,0.43,1023899,122.34627304077148,1023700,3.4088012307882307,20,-4245.37270113,4122.68,49963
237,0.001,0.44,1025730,119.95271087646485,1025600,35.450351185798645,20,-4224.6797773299995,4090.99,50046
238,0.001,0.44,1030730,118.66336181640625,1030600,3.4497050720453264,20,-4261.32247583,4090.99,50290
239,0.001,0.45,1031553,118.77849700927734,1031400,10.821307156085968,20,-4131.9385062,4049.22,50335
240,0.001,0.46,1032252,121.88812927246094,1032100,15.644545651078225,20,-4058.3375627099995,4006.21,50366
241,0.001,0.46,1037252,118.68345138549805,1037100,3.465357418060303,20,-4061.4733384299993,4006.21,50607
242,0.001,0.47,1040112,118.97485382080077,1040000,9.51261032640934,20,-4053.7352597299996,3984.81,50755
243,0.001,0.47,1041708,117.16964981079101,1041600,3.2971893233060836,20,-4036.31004631,3950.94,50832
244,0.001,0.48,1042604,118.72151443481445,1042500,5.920712713003159,20,-3984.0484445700004,3909.9,50880
245,0.001,0.49,1044295,117.63865951538087,1044100,8.814551550149918,20,-3901.9338623100007,3876.81,50959
246,0.001,0.49,1045975,117.82869262695313,1045800,6.6655089628696444,20,-3907.6850394699995,3850.76,51040
247,0.001,0.49,1050975,115.31518600463868,1050800,7.9126543462276455,20,-3848.24129458,3850.76,51287
248,0.001,0.49,1052109,115.12568008422852,1052000,5.4464390349388125,20,-3786.90453547,3820.36,51341
249,0.001,0.48,1057109,114.72487655639648,1057000,7.870446746945381,20,-3798.6372618199994,3840.56,51585
250,0.001,0.49,1058011,114.45269424438476,1057900,5.368377133607864,20,-3732.9155640099993,3799.58,51633
251,0.001,0.5,1060886,114.37409271240234,1060700,13.483841028809547,20,-3696.9857456199998,3778.33,51768
252,0.001,0.5,1065886,111.3917529296875,1065700,9.067798651456833,20,-3714.5388990199995,3778.33,52014
253,0.001,0.51,1067428,114.99258026123047,1067300,11.495401245355605,20,-3681.45726175,3743.75,52093
254,0.001,0.51,1072428,110.88369644165039,1072300,7.054846370816231,20,-3664.7157479899997,3743.75,52339
255,0.001,0.51,1075953,111.39304122924804,1075800,3.88931613445282,20,-3678.9428417,3770.12,52506
256,0.001,0.52,1077235,109.42644439697266,1077100,26.962898473739624,20,-3676.9723412399994,3732.94,52569
257,0.001,0.53,1077498,111.27457717895508,1077300,8.746573328375817,20,-3576.7411559699995,3685.57,52589
258,0.001,0.54,1077897,113.09444717407227,1077700,2.957156305909157,20,-3465.7991332299994,3639.56,52608
259,0.001,0.54,1082327,110.8279962158203,1082200,8.175130398273469,20,-3486.78460094,3654.56,52824
260,0.001,0.55,1086241,110.43084259033203,1086100,4.1388867926597595,20,-3418.9862468799997,3643.7,53019
261,0.001,0.54,1091241,111.97037078857421,1091100,3.2664384174346925,20,-3392.63752745,3647.57,53259
262,0.001,0.54,1095888,108.58065414428711,1095700,2.2021368449926375,20,-3394.0118690800005,3662.26,53483
263,0.001,0.54,1100888,110.53366333007813,1100700,3.851272969841957,20,-3327.46103037,3662.26,53727
264,0.001,0.55,1104723,108.1892283630371,1104600,3.6226256626844404,20,-3273.21240485,3650.61,53920
265,0.001,0.56,1107489,109.83141571044922,1107300,4.7911700838804245,20,-3192.06064534,3628.27,54068
266,0.001,0.57,1111618,111.61968322753906,1111500,14.880684473514556,20,-3201.3653890799997,3619.56,54272
267,0.001,0.57,1114145,108.48083099365235,1114000,7.971893482208252,20,-3244.3817249499994,3636.29,54395
268,0.001,0.57,1116643,110.16623779296874,1116500,4.906650421619415,20,-3254.8909910599996,3614.6,54518
269,0.001,0.56,1121643,107.2576171875,1121500,26.13782334268093,20,-3276.4563349600007,3657.5,54762
270,0.001,0.57,1124775,108.25213500976562,1124600,7.075928873419762,20,-3279.24015755,3638.82,54911
271,0.001,0.58,1127473,105.95523345947265,1127300,7.908426140546799,20,-3259.3857121900005,3615.8,55048
272,0.001,0.59,1129581,108.68185684204101,1129400,9.845883347392082,20,-3145.8170472100005,3586.88,55146
273,0.001,0.6,1131982,106.46663269042969,1131800,2.5465984070301055,20,-3095.20732969,3560.89,55264
274,0.001,0.61,1132404,107.12130737304688,1132300,5.420723608136177,20,-3048.2861371099993,3515.11,55289
275,0.001,0.62,1134932,107.25420776367187,1134800,3.931352343559265,20,-2991.9888789899996,3490.39,55412
276,0.001,0.62,1136999,105.76629791259765,1136800,7.952405363321304,20,-2950.6835474000004,3462.24,55511
277,0.001,0.62,1139935,109.57591674804688,1139800,6.619976941347122,20,-2942.8762863400007,3459.57,55655
278,0.001,0.63,1141122,105.13630569458007,1141000,4.21631254017353,20,-2901.0218731200007,3421.44,55711
279,0.001,0.63,1145136,106.71146163940429,1145000,6.806274812817573,20,-2903.46131002,3445.82,55912
280,0.001,0.63,1149936,107.10051376342773,1149800,10.084896850585938,20,-2907.01847393,3452.76,56141
281,0.001,0.63,1152456,104.02281356811524,1152300,3.5627956891059878,20,-2916.62364997,3466.48,56262
282,0.001,0.63,1154230,104.91397354125976,1154100,6.6925516295433045,20,-2914.06057421,3457.66,56353
283,0.001,0.63,1159230,105.98216644287109,1159100,3.5355091363191606,20,-2902.28422156,3457.66,56596
284,0.001,0.62,1164230,102.21211181640625,1164100,7.321714929938317,20,-2926.0130082500004,3472.0,56836
285,0.001,0.62,1169230,104.18053741455078,1169100,3.186818931698799,20,-2915.6352067700004,3472.0,57079
286,0.001,0.62,1171696,103.43565322875976,1171500,9.277074685692787,20,-2920.8903107100004,3496.09,57198
287,0.001,0.62,1172430,103.71044815063476,1172300,13.356004008352757,20,-2903.18193143,3482.65,57230
288,0.001,0.63,1176612,105.41057464599609,1176500,9.80404161632061,20,-2875.2590069400003,3474.47,57435
289,0.001,0.64,1180803,102.34124694824219,1180700,8.473064067363739,20,-2838.67813785,3466.38,57642
290,0.001,0.64,1183760,103.7984928894043,1183600,9.001055388450622,20,-2827.33253669,3478.61,57781
291,0.001,0.65,1186887,100.93083908081054,1186700,9.238452708125115,20,-2788.24374296,3459.88,57936
292,0.001,0.64,1191887,101.27582138061524,1191700,3.0439082878828048,20,-2831.1660853,3497.37,58181
293,0.001,0.65,1194323,100.59839248657227,1194200,5.326144191026688,20,-2828.36274544,3471.73,58297
294,0.001,0.65,1196196,101.52439147949218,1196000,14.089394762516022,20,-2834.4036688799997,3486.47,58388
295,0.001,0.65,1198291,101.82873229980468,1198100,3.278139563500881,20,-2834.4020868900006,3485.05,58493
296,0.001,0.66,1200427,101.18848510742187,1200300,1.3368193051218986,20,-2703.30776121,3456.41,58591
297,0.001,0.65,1205427,99.92241058349609,1205300,12.115353967547417,20,-2690.5948884100003,3463.46,58835
298,0.001,0.65,1210427,99.48896438598632,1210300,3.5762779438495635,20,-2681.90799297,3463.46,59079
299,0.001,0.65,1215427,100.05579162597657,1215300,13.641217366456985,20,-2694.7933220699992,3463.46,59322
300,0.001,0.66,1216364,98.93887161254882,1216200,8.257463202476501,20,-2684.149141289999,3422.83,59370
301,0.001,0.66,1219771,98.57205337524414,1219600,11.10254273712635,20,-2693.18218912,3429.65,59539
302,0.001,0.66,1221771,99.2805599975586,1221600,1.704313485622406,20,-2670.39667564,3409.16,59631
303,0.001,0.67,1223300,98.4040740966797,1223100,3.219383252263069,20,-2647.89552167,3374.45,59705
304,0.001,0.68,1225847,97.13919418334962,1225700,14.472532713413239,20,-2594.1095958499996,3349.92,59831
305,0.001,0.68,1226394,99.02981170654297,1226200,8.602628660202026,20,-2582.25413965,3325.3,59860
306,0.001,0.69,1229747,98.09521179199218,1229600,4.636015983223915,20,-2570.31187993,3308.83,60025
307,0.001,0.69,1231444,98.41613586425781,1231300,9.862541783452034,20,-2557.60755786,3277.29,60106
308,0.001,0.69,1231607,101.00187164306641,1231500,3.460963547825813,20,-2521.69720126,3252.7,60113
309,0.001,0.7,1235994,96.65315841674804,1235800,7.052611648440361,20,-2505.64531346,3246.57,60328
310,0.001,0.71,1237922,98.0044580078125,1237800,9.842047227621078,20,-2481.7031809999994,3215.85,60421
311,0.001,0.71,1242922,98.6801658630371,1242800,7.230250000953674,20,-2500.24868504,3215.85,60663
312,0.001,0.71,1244248,97.29347457885743,1244100,1.4516243028640747,20,-2459.50395652,3185.61,60728
313,0.001,0.72,1246056,96.29510360717774,1245900,21.28230890035629,20,-2437.21995165,3153.69,60818
314,0.001,0.73,1247882,96.13809356689453,1247700,5.667584637403488,20,-2439.23768137,3121.95,60907
315,0.001,0.73,1249360,99.39371109008789,1249200,2.230419807434082,20,-2440.59357555,3104.21,60977
316,0.001,0.73,1252842,96.77606475830078,1252700,13.622627806663512,20,-2415.64050023,3091.56,61151
317,0.001,0.73,1254965,96.7478727722168,1254800,4.7571549242734905,20,-2393.01321659,3074.33,61254
318,0.001,0.73,1256170,98.27114364624023,1256000,3.0739052575826644,20,-2397.27612521,3082.26,61312
319,0.001,0.73,1257257,97.5052703857422,1257100,13.724043422341346,20,-2384.6538373699996,3047.4,61360
320,0.001,0.74,1261074,94.13782897949218,1260900,14.323304198980331,20,-2282.58778594,3035.57,61549
321,0.001,0.75,1263538,95.79633148193359,1263400,6.427660147547722,20,-2274.37544099,3010.21,61667
322,0.001,0.75,1266306,96.40248138427734,1266200,19.55139942884445,20,-2285.1399974300007,3021.86,61808
323,0.001,0.76,1266933,95.42416488647461,1266800,6.065532255172729,20,-2195.41106781,2978.13,61835
324,0.001,0.76,1269656,96.5116342163086,1269500,3.4058695328235626,20,-2183.7410889000002,2987.37,61966
325,0.001,0.77,1274073,97.57625930786133,1273900,9.653022834062575,20,-2082.0304340300004,2981.54,62186
326,0.001,0.78,1275048,96.40762573242188,1274900,7.939472187161446,20,-2035.9593703400003,2941.29,62233
327,0.001,0.79,1276886,97.45870315551758,1276700,2.3594962412118914,20,-1929.9849409400003,2909.67,62322
328,0.001,0.79,1277678,95.56851165771485,1277500,15.555683230161668,20,-1907.4978900800002,2879.53,62362
329,0.001,0.79,1279891,95.80714065551757,1279700,10.153966767191887,20,-1899.1644855,2860.9,62463
330,0.001,0.8,1281216,98.14156051635742,1281100,21.885094618201254,20,-1867.6221270600001,2824.15,62530
331,0.001,0.81,1281927,93.90505767822266,1281800,9.779301074743271,20,-1807.6337281700003,2781.26,62568
332,0.001,0.81,1283746,95.29537887573242,1283600,3.115690458416939,20,-1807.7092587400005,2776.38,62655
333,0.001,0.81,1284536,93.34270889282226,1284400,2.8778009474277497,20,-1775.8074934899998,2746.29,62694
334,0.001,0.82,1286333,96.07211303710938,1286200,12.731390216946602,20,-1759.6427987000002,2714.26,62783
335,0.001,0.82,1286797,93.98086212158204,1286600,3.80273486495018,20,-1719.5691537900002,2678.98,62807
336,0.001,0.83,1288479,94.06173568725586,1288300,7.042125353813171,20,-1689.77268185,2645.8,62885
337,0.001,0.83,1288882,94.07169403076172,1288700,7.360561909079552,20,-1675.36546404,2631.52,62907
338,0.001,0.84,1289574,94.9577180480957,1289400,6.92974790751934,20,-1627.4790075300002,2588.44,62939
339,0.001,0.84,1292110,93.22080322265624,1292000,9.391101397275925,20,-1638.8669876500003,2605.57,63062
340,0.001,0.84,1292703,92.45542587280273,1292600,4.786007602214813,20,-1641.9184075700005,2604.51,63091
341,0.001,0.85,1295620,95.46709075927734,1295500,1.6477128463983535,20,-1637.5581584200002,2583.68,63235
342,0.001,0.85,1297641,92.8323031616211,1297500,8.518358973264695,20,-1602.58877183,2575.29,63330
343,0.001,0.85,1299390,92.44987518310546,1299200,7.1285388189554215,20,-1597.9757718399997,2576.82,63417
344,0.001,0.85,1300272,94.1469612121582,1300100,4.100095733404159,20,-1597.9726424899998,2576.68,63459
345,0.001,0.85,1301545,92.32843872070312,1301400,1.8597595930099486,20,-1597.1327517299994,2572.5,63522
346,0.001,0.85,1304188,95.03000717163086,1304000,7.1055905830860135,20,-1591.3732821799997,2582.13,63655
347,0.001,0.86,1305510,92.80448715209961,1305400,6.935506962537765,20,-1602.5611286199994,2545.35,63720
348,0.001,0.86,1306497,93.15584777832031,1306300,5.629499642252922,20,-1604.5204609299994,2543.88,63765
349,0.001,0.86,1311497,93.18244979858399,1311300,3.8048024570941923,20,-1585.0761688999999,2543.88,64004
350,0.001,0.86,1313254,93.13410614013672,1313100,18.845618715882303,20,-1602.94247228,2552.43,64095
351,0.001,0.86,1316601,93.59494171142578,1316500,2.003680799305439,20,-1612.4695730699998,2557.15,64254
352,0.001,0.87,1318931,93.54631103515625,1318800,7.324172670841217,20,-1595.17794929,2530.45,64365
353,0.001,0.87,1320194,93.19921569824218,1320000,7.878678960204124,20,-1608.05042557,2527.66,64426
354,0.001,0.88,1321816,92.66492111206054,1321700,4.791592091321945,20,-1600.11564728,2493.88,64511
355,0.001,0.88,1324765,94.13261352539062,1324600,8.189501196146011,20,-1622.72156059,2488.12,64653
356,0.001,0.88,1325871,92.96546127319336,1325700,9.26385632455349,20,-1620.72510247,2486.36,64708
357,0.001,0.88,1327346,92.50832077026367,1327200,3.2830807241797446,20,-1634.36448522,2498.48,64778
358,0.001,0.88,1329116,93.29291107177734,1329000,7.694647820591927,20,-1644.8332926100002,2512.19,64860
359,0.001,0.88,1330338,93.10970642089843,1330200,6.032347763776779,20,-1613.35764879,2480.11,64920
360,0.001,0.88,1331182,93.72840454101562,1331000,2.0657492861151696,20,-1612.7844078299997,2449.41,64964
361,0.001,0.89,1331907,91.20841247558593,1331800,2.5037782257795334,20,-1603.3624418299996,2406.66,65002
362,0.001,0.89,1332752,93.36006881713867,1332600,3.4377536004781724,20,-1581.92681105,2368.64,65038
363,0.001,0.9,1333585,93.57093383789062,1333400,3.8889155164361,20,-1581.2355383999998,2326.97,65082
364,0.001,0.9,1334363,93.44365280151368,1334200,2.8206866979599,20,-1564.8748650099997,2296.4,65121
365,0.001,0.9,1334709,92.35614242553712,1334600,12.866527484059334,20,-1555.6080748,2272.2,65139
366,0.001,0.9,1334912,92.42072311401367,1334800,6.8953558248281475,20,-1493.3751299799999,2232.94,65147
367,0.001,0.9,1336761,91.9340023803711,1336600,15.907860307097435,20,-1468.2679500799998,2226.16,65236
368,0.001,0.9,1337080,93.12993927001953,1336900,8.136360165476798,20,-1446.6893623099998,2204.37,65255
369,0.001,0.91,1337988,92.10137054443359,1337800,1.9894119995832442,20,-1433.39048513,2163.45,65296
370,0.001,0.91,1338950,93.27352233886718,1338800,7.859549777507782,20,-1408.4687753700002,2141.75,65343
371,0.001,0.91,1339518,93.10958435058593,1339400,7.056975676417351,20,-1382.7801834600002,2120.45,65375
372,0.001,0.91,1342401,91.11351272583008,1342300,3.849817208647728,20,-1392.80236363,2128.2,65514
373,0.001,0.91,1345449,93.03720672607422,1345300,7.177554440498352,20,-1413.05803125,2134.67,65658
374,0.001,0.91,1347885,91.8958807373047,1347700,20.0233637291193,20,-1418.1721656599998,2154.81,65778
375,0.001,0.91,1349598,90.11773391723632,1349400,10.780563381910325,20,-1415.1051433599996,2146.66,65866
376,0.001,0.91,1350776,91.20434906005859,1350600,6.112713831067086,20,-1413.7158728099996,2137.77,65929
377,0.001,0.91,1351785,90.97689727783204,1351600,4.076089449524879,20,-1414.9737516299997,2118.5,65977
378,0.001,0.91,1354461,91.29917098999023,1354300,5.522022978067398,20,-1419.9341216599998,2133.39,66115
379,0.001,0.91,1355180,91.27559204101563,1355000,5.093152266740799,20,-1406.0997409099998,2100.44,66146
380,0.001,0.91,1355753,91.90983535766601,1355600,14.142668137550354,20,-1399.96685981,2058.17,66181
381,0.001,0.91,1356983,90.67684997558594,1356800,11.077368217110633,20,-1395.1056220999997,2045.27,66242
382,0.001,0.91,1359017,90.2123666381836,1358900,12.859662358760835,20,-1409.95083587,2047.87,66342
383,0.001,0.92,1361355,92.44707672119141,1361200,5.89657975256443,20,-1417.9012759099996,2021.25,66455
384,0.001,0.93,1362265,92.47837982177734,1362100,4.984075520038605,20,-1389.47662189,1980.35,66501
385,0.001,0.94,1365049,89.60668289184571,1364900,5.706454290151596,20,-1374.3525921100002,1958.19,66634
386,0.001,0.94,1366513,88.57970901489257,1366400,11.925351291894913,20,-1397.6370889600003,1948.17,66704
387,0.001,0.94,1367699,91.12244583129883,1367500,8.603810869455337,20,-1402.2553117500004,1952.69,66761
388,0.001,0.94,1368539,92.10867782592773,1368400,3.764203323125839,20,-1374.0470488200006,1919.27,66806
389,0.001,0.94,1370579,88.2614860534668,1370400,3.7289601695537566,20,-1378.5271694800003,1897.76,66909
390,0.001,0.94,1372000,88.86234497070312,1371800,15.288138989210129,20,-1386.2441313000004,1882.4,66976
391,0.001,0.93,1377000,91.29027618408203,1376800,5.750503073334694,20,-1396.6876932500004,1901.13,67219
392,0.001,0.94,1380258,88.91338180541992,1380100,18.032246156930924,20,-1358.0640933500001,1883.71,67373
393,0.001,0.94,1381107,89.44907257080078,1381000,4.235024093389511,20,-1342.80492046,1867.84,67419
394,0.001,0.94,1381812,88.702685546875,1381700,3.0773878514766695,20,-1344.2469302900001,1856.16,67454
395,0.001,0.94,1383956,87.69456741333008,1383800,8.291855892241001,20,-1331.42234024,1856.65,67557
396,0.001,0.94,1384864,89.59075592041016,1384700,5.5560855031013485,20,-1324.21654979,1844.37,67604
397,0.001,0.95,1385758,87.03451278686524,1385600,3.4748471981287,20,-1317.24209923,1803.31,67649
398,0.001,0.96,1386768,88.68652252197266,1386600,2.7985712093114854,20,-1310.12662018,1763.41,67693
399,0.001,0.97,1387441,86.89956359863281,1387300,6.612995749115944,20,-1279.94692141,1720.14,67728
400,0.001,0.97,1388013,89.20368362426758,1387900,1.5625931215286255,20,-1278.0806431499998,1716.49,67753
401,0.001,0.97,1388625,89.18976989746093,1388500,6.134627143740654,20,-1257.8192624,1688.54,67786
402,0.001,0.97,1389700,87.96111267089844,1389500,2.055484379529953,20,-1272.56765357,1679.29,67841
403,0.001,0.97,1390421,88.59194061279297,1390300,8.793196203708648,20,-1253.7558586999999,1671.21,67871
404,0.001,0.97,1391342,88.91226745605469,1391200,3.4859919613599777,20,-1243.1227066499998,1654.95,67919
405,0.001,0.97,1392355,87.0655909729004,1392200,4.750709437727928,20,-1250.431822,1659.61,67969
406,0.001,0.97,1392509,87.52367553710937,1392400,1.6609649726748466,20,-1231.86253873,1627.62,67977
407,0.001,0.97,1395466,88.21244903564452,1395300,16.072532722949983,20,-1225.0069230200002,1640.22,68118
408,0.001,0.97,1396728,85.59071578979493,1396600,1.8662856692075729,20,-1236.7858076000002,1651.21,68184
409,0.001,0.97,1397843,87.21304718017578,1397700,8.455016144514083,20,-1228.34655341,1618.49,68239
410,0.001,0.97,1398341,88.49191925048828,1398200,9.328991408348083,20,-1207.43614665,1604.19,68271
411,0.001,0.98,1399207,85.23403823852539,1399100,10.165479875206948,20,-1171.35945615,1562.85,68313
412,0.001,0.98,1403494,87.21799194335938,1403300,4.285884490013123,20,-1174.26757618,1592.46,68530
413,0.001,0.97,1408494,85.5003729248047,1408300,13.287178438305855,20,-1194.28142092,1624.38,68780
414,0.001,0.97,1409709,86.2751512145996,1409600,2.6427599626779554,20,-1173.78220805,1618.27,68841
415,0.001,0.97,1411042,87.13127319335938,1410900,8.38689848601818,20,-1166.6117582000002,1616.82,68907
416,0.001,0.97,1414234,85.12736190795898,1414100,4.012544550299644,20,-1162.0013075600002,1613.92,69071
417,0.001,0.97,1417806,85.93673126220703,1417700,3.4586509329080584,20,-1155.4439431700002,1628.41,69245
418,0.001,0.97,1418323,85.59389434814453,1418200,1.482622790336609,20,-1153.16570492,1621.53,69268
419,0.001,0.97,1418954,85.08553009033203,1418800,14.019980603456498,20,-1146.0890441700003,1616.97,69301
420,0.001,0.97,1419142,85.59430419921875,1419000,7.376414976119995,20,-1130.4215909200002,1580.68,69311
421,0.001,0.97,1419848,83.66718338012696,1419700,11.634501857757568,20,-1119.2068730500002,1563.1,69341
422,0.001,0.97,1420449,84.6128143310547,1420300,6.335536557435989,20,-1108.9081053500001,1541.43,69374
423,0.001,0.97,1422535,84.41359130859375,1422400,5.271225772202015,20,-1120.5156773700003,1556.02,69472
424,0.001,0.97,1423426,82.66283401489258,1423300,4.006036542952061,20,-1119.09735562,1537.7,69517
425,0.001,0.97,1423686,82.39904586791992,1423500,7.9498751509189605,20,-1094.7355660800001,1496.13,69527
426,0.001,0.97,1424404,83.44621078491211,1424300,5.112058082818985,20,-1094.6365644500002,1493.56,69566
427,0.001,0.97,1425073,82.63326416015624,1424900,1.9846340864896774,20,-1084.17768539,1481.87,69594
428,0.001,0.97,1427736,84.24488975524902,1427600,19.945099113583566,20,-1091.21009607,1500.58,69725
429,0.001,0.97,1429325,82.05911178588867,1429200,6.058670551776886,20,-1088.73982998,1494.34,69805
430,0.001,0.97,1430519,82.53452728271485,1430400,2.7519578647613527,20,-1089.5971769999999,1493.03,69865
431,0.001,0.97,1434836,84.72849517822266,1434700,3.022345119714737,20,-1097.87586631,1529.09,70070
432,0.001,0.97,1435441,85.47062576293945,1435300,5.600114541649819,20,-1079.74839577,1516.95,70103
433,0.001,0.97,1440180,83.67705062866212,1440000,3.343521542549133,20,-1087.1839938,1556.44,70326
434,0.001,0.97,1442047,83.56222732543945,1441900,7.014042074978351,20,-1090.54850164,1557.14,70423
435,0.001,0.97,1443896,81.85928878784179,1443700,3.5236547815799715,20,-1101.31342943,1570.99,70509
436,0.001,0.97,1444373,83.0929263305664,1444200,2.0011749786138533,20,-1096.4687522000002,1558.94,70539
437,0.001,0.97,1448610,83.28041809082032,1448500,17.193571146726608,20,-1113.3202982,1597.28,70741
438,0.001,0.96,1453610,80.28735786437989,1453500,8.616140800714494,20,-1136.1376815200001,1640.36,70984
439,0.001,0.96,1454675,83.8020246887207,1454500,5.951099825501442,20,-1127.59628098,1625.65,71038
440,0.001,0.96,1455638,81.07211532592774,1455500,8.886010712385177,20,-1132.2719522099999,1629.35,71087
441,0.001,0.96,1456610,81.21365089416504,1456500,5.032764552235603,20,-1118.7622062799996,1609.9,71129
442,0.001,0.96,1457370,82.55183502197265,1457200,6.560201071500778,20,-1119.84586505,1597.29,71170
443,0.001,0.96,1458393,80.40950477600097,1458200,3.2512967851758003,20,-1124.2456903,1590.03,71220
444,0.001,0.96,1459294,83.55782745361329,1459100,6.939423744678497,20,-1126.80372842,1590.22,71264
445,0.001,0.96,1462280,81.82200820922851,1462100,2.621153022646904,20,-1134.39088145,1607.35,71412
446,0.001,0.96,1464242,82.19353332519532,1464100,9.300298033356666,20,-1129.8543494,1600.54,71513
447,0.001,0.96,1465270,81.75018890380859,1465100,10.82310670375824,20,-1113.8567875,1597.6,71559
448,0.001,0.96,1466458,82.09715911865234,1466300,2.2231204330921175,20,-1101.8450093200001,1599.61,71618
449,0.001,0.97,1468577,81.51203369140624,1468400,2.440248866379261,20,-1097.06800395,1570.8,71728
450,0.001,0.97,1472698,81.41199035644532,1472500,2.9629500818252565,20,-1090.418314,1594.44,71933
451,0.001,0.97,1473106,81.5796745300293,1473000,10.608708384633065,20,-1056.4434484100002,1565.05,71958
452,0.001,0.97,1473668,82.54532005310058,1473500,8.579525530338287,20,-1039.4942780700003,1547.37,71981
453,0.001,0.97,1475906,82.28684875488281,1475800,9.093810186982155,20,-1029.4756240300003,1557.12,72097
454,0.001,0.97,1476965,79.47298561096191,1476800,5.22722673356533,20,-1041.7935217000002,1551.49,72152
455,0.001,0.97,1477633,81.11622680664063,1477500,12.246587873697282,20,-1005.16943356,1528.68,72185
456,0.001,0.97,1480593,80.0663720703125,1480400,11.609931341409684,20,-1008.35072689,1547.22,72330
457,0.001,0.97,1481514,80.63211685180664,1481400,6.501420805454254,20,-1006.8617960200002,1541.68,72376
458,0.001,0.97,1482352,81.42614974975587,1482200,6.077020332813263,20,-1005.52776943,1532.36,72411
459,0.001,0.97,1483148,81.74439239501953,1483000,2.799477982521057,20,-996.99786644,1528.1,72454
460,0.001,0.97,1484532,81.65308273315429,1484400,2.3232134157419204,20,-1007.75402721,1533.5,72521
461,0.001,0.97,1486135,79.83929489135743,1486000,6.311638332605362,20,-1007.4945161,1542.28,72597
462,0.001,0.97,1488367,82.52345642089844,1488200,6.790722778439521,20,-1010.2165638500001,1556.15,72707
463,0.001,0.97,1489019,80.58017486572265,1488900,2.75466180562973,20,-1008.1617984500001,1554.34,72741
464,0.001,0.97,1489638,81.29116455078125,1489500,6.119785685539245,20,-1004.4702131200002,1552.75,72769
465,0.001,0.97,1490662,81.42457641601563,1490500,4.61343319952488,20,-1010.2322456000003,1559.53,72821
466,0.001,0.97,1492153,80.69717010498047,1492000,10.333173773884774,20,-1021.5715632400002,1572.41,72892
467,0.001,0.97,1494528,81.22892944335938,1494400,7.176241431236267,20,-1010.18274998,1577.67,73008
468,0.001,0.97,1494898,81.88456970214844,1494700,10.809115110635757,20,-1011.1733325600002,1578.18,73023
469,0.001,0.97,1496521,79.94481643676758,1496400,6.716090393960476,20,-1010.29070262,1585.33,73102
470,0.001,0.97,1497505,80.47120010375977,1497400,4.880800760984421,20,-1012.6294462299999,1585.55,73149
471,0.001,0.97,1498282,81.01424011230469,1498100,7.311992540359497,20,-1015.22542866,1587.64,73191
472,0.001,0.97,1498858,79.15905464172363,1498700,6.098411990702152,20,-999.4520085500001,1564.57,73214
473,0.001,0.96,1503858,81.28336822509766,1503700,6.20442358314991,20,-973.2431261199999,1584.09,73460
474,0.001,0.96,1507198,80.56354812622071,1507000,16.61593050301075,20,-980.9955867699999,1593.13,73625
475,0.001,0.96,1507369,81.15421157836914,1507200,5.977696368694305,20,-963.35660269,1577.71,73632
476,0.001,0.96,1507890,80.60271141052246,1507700,5.921172060370445,20,-946.3470377799999,1571.14,73660
477,0.001,0.96,1508639,81.79223083496093,1508500,3.6753855299949647,20,-939.19653161,1568.54,73695
478,0.001,0.96,1509372,80.69246398925782,1509200,1.660727352499962,20,-937.2235478199999,1549.11,73734
479,0.001,0.96,1510184,81.53872695922851,1510000,4.178324059844017,20,-944.4375212300001,1550.04,73767
480,0.001,0.96,1510795,80.65119262695312,1510600,3.177782638669014,20,-945.3438875600001,1550.42,73804
481,0.001,0.96,1511055,79.61975158691406,1510900,4.852139199078083,20,-937.5369676700002,1540.72,73814
482,0.001,0.96,1512185,79.91828063964844,1512000,11.134488234519958,20,-933.1008688500002,1531.68,73870
483,0.001,0.96,1513566,80.61113571166992,1513400,3.9676149421930313,20,-925.9099979700001,1522.11,73936
484,0.001,0.96,1514228,79.03345993041992,1514100,5.787332077324391,20,-917.8429607500001,1519.63,73971
485,0.001,0.96,1515559,82.14097274780273,1515400,4.392452993690967,20,-909.79836021,1505.1,74036
486,0.001,0.96,1516585,79.22790534973144,1516400,11.071633622050285,20,-889.2558874699998,1500.72,74081
487,0.001,0.96,1516825,79.84835556030274,1516700,8.813836768269539,20,-880.5090980000001,1491.26,74099
488,0.001,0.96,1520185,82.04467269897461,1520000,3.675698502063751,20,-913.5380214000002,1516.46,74257
489,0.001,0.96,1521597,81.15266441345214,1521400,4.987364925742149,20,-911.04664533,1510.18,74326
490,0.001,0.96,1522456,83.4705711364746,1522300,10.013986067771912,20,-904.6190282700002,1504.56,74371
491,0.001,0.97,1522860,83.5803759765625,1522700,1.7055935817956924,20,-887.9983591700002,1458.6,74389
492,0.001,0.97,1524466,82.37667190551758,1524300,9.60550637960434,20,-882.2779512900001,1442.08,74472
493,0.001,0.97,1525490,79.2330532836914,1525300,7.489217835664749,20,-873.1052113700002,1443.83,74520
494,0.001,0.97,1526998,82.2025414276123,1526800,8.781824495792389,20,-883.0868230800002,1451.86,74595
495,0.001,0.97,1528687,79.70090240478515,1528500,5.0827012860775,20,-891.82710307,1447.31,74676
496,0.001,0.97,1529032,78.70928344726562,1528900,12.148677077293396,20,-885.5303604,1441.68,74690
497,0.001,0.97,1529730,80.75324920654298,1529600,3.352677808403969,20,-886.61923394,1439.72,74729
498,0.001,0.97,1530597,79.88667488098145,1530400,5.304964124262333,20,-891.1264910400001,1438.29,74773
499,0.001,0.97,1532589,79.13262756347656,1532400,10.871061224937439,20,-897.5525304600001,1451.48,74865
500,0.001,0.97,1533145,81.20057678222656,1533000,5.517811470329762,20,-895.19864395,1451.32,74897
501,0.001,0.97,1534159,80.33783508300782,1534000,6.91538244843483,20,-892.39120828,1455.34,74942
502,0.001,0.97,1534928,82.66004745483399,1534800,7.460305826663971,20,-883.6383606999999,1452.28,74981
503,0.001,0.97,1535227,80.3748762512207,1535100,11.905304829478263,20,-882.32222927,1448.06,74994
504,0.001,0.97,1535501,79.95156822204589,1535400,6.8565408200025555,20,-880.3247208399999,1441.59,75010
505,0.001,0.97,1539314,81.04169723510742,1539200,8.56170765042305,20,-877.4012873699999,1469.59,75195
506,0.001,0.97,1539771,80.34616104125976,1539600,9.41316933274269,20,-879.52226377,1472.62,75218
507,0.001,0.97,1540612,81.34811462402344,1540500,2.2907825124263765,20,-882.8645106300002,1451.46,75260
508,0.001,0.97,1543028,80.49716522216796,1542900,8.137159857749939,20,-885.8887062100001,1463.0,75374
509,0.001,0.97,1543610,78.72490798950196,1543500,10.238179311752319,20,-884.17222528,1457.67,75405
510,0.001,0.97,1545228,80.94380584716797,1545100,9.006580803990364,20,-907.23558305,1468.87,75483
511,0.001,0.97,1546727,80.33441261291505,1546600,4.588388389348983,20,-897.48315586,1475.2,75556
512,0.001,0.97,1547013,78.98210044860839,1546900,6.784874054193497,20,-890.9488514,1435.19,75575
513,0.001,0.98,1547980,81.6289126586914,1547800,7.153699144721031,20,-865.83441961,1394.86,75617
514,0.001,0.98,1549158,80.85932647705079,1549000,5.19232219696045,20,-881.4950643899999,1394.49,75674
515,0.001,0.98,1550179,79.36481964111329,1550000,16.730111983418464,20,-882.3843763399999,1391.37,75726
516,0.001,0.98,1553982,79.90202560424805,1553800,7.68944166302681,20,-885.15593107,1397.48,75912
517,0.001,0.98,1554593,79.4482536315918,1554400,6.4831788539886475,20,-880.3825382499999,1367.87,75946
518,0.001,0.98,1559132,78.99983833312989,1559000,2.6517770022153853,20,-894.9426536100001,1408.09,76162
519,0.001,0.98,1560347,77.29594482421875,1560200,14.390942668318749,20,-890.67017317,1413.93,76221
520,0.001,0.98,1561254,79.31893417358398,1561100,13.060044031739235,20,-896.6367545100002,1421.12,76268
521,0.001,0.98,1562035,79.38320068359376,1561900,4.71736894607544,20,-903.53360608,1421.87,76307
522,0.001,0.98,1563061,79.67850547790528,1562900,3.7701830768585207,20,-900.8561292500001,1426.12,76351
523,0.001,0.98,1563653,80.48907638549805,1563500,2.580874264836311,20,-887.7912196700001,1411.18,76385
524,0.001,0.98,1564301,77.3992219543457,1564200,5.975258501172066,20,-881.87377271,1408.75,76412
525,0.001,0.98,1567287,79.45856674194336,1567100,8.424252173900605,20,-899.96328642,1436.01,76562
526,0.001,0.98,1569010,78.0330271911621,1568900,9.802535145282745,20,-912.7536539500001,1446.06,76644
527,0.001,0.97,1574010,76.80846817016601,1573900,3.7244196915626526,20,-912.72100646,1489.37,76887
528,0.001,0.97,1574776,79.72720764160157,1574600,3.4972693505883217,20,-903.6945068,1470.4,76927
529,0.001,0.97,1578168,79.42713638305663,1578000,10.672640973329544,20,-914.77555,1488.43,77086
530,0.001,0.97,1578410,79.84520637512207,1578300,3.6110401445627214,20,-904.1766573399999,1478.91,77103
531,0.001,0.97,1579412,78.36917037963867,1579300,19.785726740956306,20,-900.94042237,1445.76,77147
532,0.001,0.97,1579894,78.77996192932129,1579700,1.8016680774092675,20,-901.97794385,1444.53,77176
533,0.001,0.96,1584894,80.23000946044922,1584700,5.745776156783104,20,-903.49766721,1447.14,77419
534,0.001,0.96,1586159,78.95769577026367,1586000,4.938650034666061,20,-900.7193262999998,1441.12,77481
535,0.001,0.96,1586866,78.52388610839844,1586700,6.337725416123867,20,-894.9333731299998,1429.7,77511
536,0.001,0.96,1587632,77.44894271850586,1587500,6.059795075058937,20,-898.9236906,1432.59,77552
537,0.001,0.96,1588450,77.07493415832519,1588300,5.119652363061905,20,-892.2208653999998,1398.4,77590
538,0.001,0.97,1589221,79.11288963317871,1589100,4.970194824934006,20,-876.5030866400001,1356.11,77627
539,0.001,0.97,1589701,76.82571166992187,1589600,7.956387667059898,20,-875.52427395,1350.26,77651
540,0.001,0.97,1589841,76.24072662353515,1589700,7.531960282325745,20,-867.1490723900001,1342.03,77661
541,0.001,0.97,1590510,79.35927734375,1590400,3.2964163714647294,20,-861.8863548699999,1339.0,77690
542,0.001,0.97,1590882,77.59109138488769,1590700,9.933494643568993,20,-859.4501030900001,1335.12,77707
543,0.001,0.97,1591852,78.7019132232666,1591700,8.898404719531536,20,-858.6360270099999,1334.59,77755
544,0.001,0.97,1593473,76.61550491333008,1593300,5.440974036455154,20,-863.8733786200002,1341.79,77838
545,0.001,0.97,1594731,78.7729884338379,1594600,5.340974023342133,20,-876.2191632100001,1324.51,77899
546,0.001,0.97,1595488,78.31164169311523,1595300,2.039076392054558,20,-872.81810782,1312.46,77934
547,0.001,0.97,1595721,78.11592681884765,1595600,2.6804463905096054,20,-870.3034055300002,1304.51,77945
548,0.001,0.97,1596406,76.70221435546875,1596300,7.135411777496338,20,-875.8262043800003,1299.48,77982
549,0.001,0.97,1597021,78.82199272155762,1596900,9.010209595561028,20,-871.7431738200003,1284.44,78008
550,0.001,0.97,1597871,78.62444915771485,1597700,3.539035628437996,20,-866.22712135,1251.73,78052
551,0.001,0.97,1598906,78.77326362609864,1598800,6.04240957736969,20,-868.1037000600002,1258.0,78104
552,0.001,0.97,1602478,76.88195213317871,1602300,5.3737826561927795,20,-869.33638512,1288.1,78278
553,0.001,0.97,1603235,76.86735244750976,1603100,1.6111829125881194,20,-865.9109038400001,1273.29,78311
554,0.001,0.97,1604347,77.62314407348633,1604200,3.6908491814136504,20,-858.9872044500001,1273.82,78368
555,0.001,0.97,1605474,78.08338279724121,1605300,5.957284547090531,20,-859.4146461600001,1278.41,78427
556,0.001,0.97,1607431,78.51681518554688,1607300,3.616730340719223,20,-874.4117244699999,1268.38,78529
557,0.001,0.97,1608060,77.27957588195801,1607900,12.304657009840012,20,-867.4296823699999,1265.46,78556
558,0.001,0.97,1608632,77.03134689331054,1608500,17.345129058361053,20,-864.7173249999998,1262.8,78589
559,0.001,0.97,1609868,77.93493629455567,1609700,6.722140651345253,20,-877.4095205999998,1267.2,78649
560,0.001,0.97,1611055,78.79822723388672,1610900,9.68859266579151,20,-878.04216698,1265.23,78708
561,0.001,0.97,1612036,79.89536018371582,1611900,3.454297599196434,20,-883.1591939,1259.01,78752
562,0.001,0.97,1612413,77.71061866760255,1612300,8.592922313809394,20,-877.09624327,1240.46,78775
563,0.001,0.97,1613289,77.42854339599609,1613100,5.654960864782334,20,-880.79635737,1242.7,78814
564,0.001,0.97,1613537,77.01162780761719,1613400,4.678912248015404,20,-877.9682181,1238.99,78830
565,0.001,0.97,1614533,79.14684814453125,1614400,11.420953984856606,20,-884.0351111200001,1238.71,78874
566,0.001,0.97,1616576,79.41983505249023,1616400,7.630059929788112,20,-884.5941093800002,1244.23,78975
567,0.001,0.97,1617519,76.33179870605468,1617400,10.050122974514961,20,-882.59721046,1229.91,79024
568,0.001,0.97,1618142,77.4932666015625,1618000,4.896354359388352,20,-880.9730282600001,1232.44,79050
569,0.001,0.97,1619089,77.89910125732422,1618900,6.950069926381111,20,-874.46121077,1225.68,79099
570,0.001,0.97,1620051,77.29522964477539,1619900,9.55372059047222,20,-882.0136910200001,1225.46,79149
571,0.001,0.97,1620780,78.38229270935058,1620600,6.36596917361021,20,-876.4531936000001,1224.98,79181
572,0.001,0.97,1620962,78.35928916931152,1620800,4.903380836248398,20,-875.6487777000003,1221.04,79195
573,0.001,0.98,1621638,76.545698928833,1621500,8.276705255806446,20,-873.6927267000002,1177.8,79225
574,0.001,0.97,1626638,75.8599755859375,1626500,6.755865990519523,20,-878.1415084300002,1194.4,79469
575,0.001,0.97,1627652,77.5143677520752,1627500,11.082068302631377,20,-891.42448659,1202.83,79520
576,0.001,0.97,1629454,76.65382339477539,1629300,10.611305181384086,20,-900.72405977,1215.64,79605
577,0.001,0.97,1632127,76.63010841369629,1632000,5.799753713309765,20,-901.3319711700001,1234.88,79739
578,0.001,0.97,1633047,75.69626510620117,1632900,14.899769587516785,20,-903.22228353,1236.75,79782
579,0.001,0.97,1633397,76.40046676635743,1633200,7.241517562270165,20,-895.74237968,1232.13,79801
580,0.001,0.97,1634099,77.3618588256836,1633900,8.219302207231522,20,-895.4951281100001,1233.04,79836
581,0.001,0.97,1635247,77.33746078491211,1635100,7.9173326724767685,20,-909.39062057,1241.92,79894
582,0.001,0.97,1636133,77.94190109252929,1636000,9.360121980905532,20,-903.9224876300001,1239.48,79940
583,0.001,0.97,1637499,76.20378555297852,1637300,8.9378703635931,20,-903.1519520499999,1239.33,80006
584,0.001,0.97,1639277,75.7649796295166,1639100,18.45852377474308,20,-910.5615393799999,1250.49,80088
585,0.001,0.97,1639641,74.9444327545166,1639500,5.877365061044693,20,-890.96173459,1240.82,80106
586,0.001,0.97,1642143,74.90099174499511,1642000,3.543938739299774,20,-896.0240887299999,1255.58,80228
587,0.001,0.97,1644064,74.17057220458985,1643900,7.574937021136284,20,-908.8362478900001,1272.39,80325
588,0.001,0.97,1647226,75.47921081542968,1647100,9.406090864539147,20,-874.0438077,1270.41,80477
589,0.001,0.97,1647954,74.80411689758301,1647800,3.90813449382782,20,-867.9664477600002,1263.57,80513
590,0.001,0.97,1648631,75.87040855407714,1648500,5.444510237574577,20,-864.73763929,1261.75,80549
591,0.001,0.97,1649281,76.41989707946777,1649100,9.128240758180619,20,-868.0999127099999,1264.21,80577
592,0.001,0.97,1651115,75.34804206848145,1651000,3.612314209938049,20,-876.69311585,1266.49,80672
593,0.001,0.97,1652147,76.78605102539062,1652000,6.627070308625698,20,-891.41627467,1266.57,80717
594,0.001,0.97,1652719,76.17098342895508,1652600,14.774490782022475,20,-879.34200971,1257.21,80749
595,0.001,0.97,1653851,76.57293495178223,1653700,4.498142856955528,20,-877.02218731,1251.64,80805
596,0.001,0.97,1654622,75.27124809265136,1654500,10.124374404549599,20,-884.7766965899999,1255.9,80839
597,0.001,0.97,1655501,75.53495246887206,1655400,5.18311841070652,20,-885.6404514599999,1257.71,80884
598,0.001,0.97,1655986,75.17401397705078,1655800,10.730502581596374,20,-875.9785035399998,1253.89,80911
599,0.001,0.97,1656501,74.9220915222168,1656400,12.840445343852043,20,-869.11344182,1239.12,80939
600,0.001,0.97,1657941,76.09861236572266,1657800,10.31017166018486,20,-876.1944148000001,1247.96,81010
601,0.001,0.97,1658360,76.03624290466308,1658200,3.069837169647217,20,-876.57433986,1242.01,81034
602,0.001,0.97,1658745,74.59232032775878,1658600,8.777779411673546,20,-870.32606826,1238.17,81054
603,0.001,0.97,1659169,76.82211158752442,1659000,1.540943088531494,20,-871.79070418,1239.42,81073
604,0.001,0.97,1660109,75.37795799255372,1660000,4.50988886654377,20,-883.4701807099998,1246.08,81123
605,0.001,0.97,1660858,77.93715469360352,1660700,5.302722392678261,20,-880.83850218,1215.44,81163
606,0.001,0.97,1662457,75.51613250732422,1662300,7.275395262241363,20,-893.50598437,1226.86,81241
607,0.001,0.97,1663229,74.6221817779541,1663100,8.883101707100868,20,-891.9367112100001,1226.17,81280
608,0.001,0.97,1663435,75.98599914550782,1663300,10.583037852644921,20,-877.40507565,1204.07,81292
609,0.001,0.97,1664371,74.11076072692872,1664200,7.3054048770666125,20,-882.22568176,1207.61,81335
610,0.001,0.97,1665594,75.72511459350586,1665400,3.7168849325180053,20,-868.5087965199999,1203.66,81396
611,0.001,0.97,1668418,75.41334396362305,1668300,3.656086382865906,20,-874.47037469,1216.91,81543
612,0.001,0.97,1669314,75.13626304626465,1669200,9.45109706223011,20,-882.8264992899998,1223.01,81588
613,0.001,0.97,1670183,76.61173622131348,1670000,15.535542178750038,20,-877.8595617599998,1222.03,81628
614,0.001,0.97,1672843,76.43914855957031,1672700,8.221274362802506,20,-865.74515036,1236.85,81760
615,0.001,0.97,1673591,76.64608863830567,1673400,8.332175441980361,20,-864.1341031899999,1234.12,81802
616,0.001,0.97,1674161,72.83418823242188,1674000,3.715642365813255,20,-857.24305718,1201.79,81831
617,0.001,0.97,1674712,75.57370964050293,1674600,3.6974359983205796,20,-855.1350473999998,1201.19,81859
618,0.001,0.97,1675729,75.48115798950195,1675600,21.582912815213202,20,-845.7962280800001,1165.97,81912
619,0.001,0.97,1677220,74.33379173278809,1677100,5.304148139357567,20,-851.8321844,1168.73,81984
620,0.001,0.97,1678325,76.02016105651856,1678200,4.651990284323692,20,-851.90557133,1170.71,82038
621,0.001,0.97,1680146,75.10292236328125,1680000,9.979073312282562,20,-842.1711887099998,1181.11,82123
622,0.001,0.97,1680754,73.32886032104493,1680600,6.67178795158863,20,-844.2938077,1176.93,82158
623,0.001,0.97,1681547,75.02933738708496,1681400,4.889234337806702,20,-851.3474146200001,1178.94,82194
624,0.001,0.97,1682357,76.87335823059082,1682200,3.380596112012863,20,-856.46087825,1180.56,82235
625,0.001,0.97,1682875,75.25324844360351,1682700,11.801566868424416,20,-842.1538448900001,1155.88,82261
626,0.001,0.97,1684013,73.79001792907715,1683900,4.859119291305542,20,-830.5970800900001,1150.03,82313
627,0.001,0.98,1684623,76.9052744293213,1684500,8.240484154224395,20,-829.71609514,1106.13,82347
628,0.001,0.98,1685400,74.46812156677247,1685200,5.2196641272306445,20,-836.8960503000001,1106.24,82383
629,0.001,0.98,1687959,75.5411456298828,1687800,3.5000385135412215,20,-824.0581136799999,1097.91,82509
630,0.001,0.98,1690550,73.94038848876953,1690400,5.160128533244133,20,-826.3942487700001,1121.4,82638
631,0.001,0.98,1691255,77.07625480651855,1691100,1.8955226123332978,20,-821.3925139800001,1118.43,82669
632,0.001,0.98,1691807,73.83964317321778,1691700,4.065373990535736,20,-820.81196782,1119.13,82699
633,0.001,0.99,1692651,75.98260208129882,1692500,9.213805340528488,20,-821.2531534300001,1077.57,82736
634,0.001,0.99,1693498,75.56560371398926,1693300,21.617487605810165,20,-827.4437985,1073.39,82781
635,0.001,0.99,1695347,75.81184982299804,1695200,8.635636494755746,20,-851.8211893999999,1084.81,82869
636,0.001,0.99,1696162,73.70788879394532,1696000,12.846908974647523,20,-851.40993037,1085.3,82910
637,0.001,0.99,1696887,76.52589889526367,1696700,6.131656103730202,20,-850.47829181,1084.37,82949
638,0.001,0.99,1696986,74.09139213562011,1696800,14.412425306439399,20,-840.51663751,1077.65,82954
639,0.001,0.99,1699152,76.31777313232422,1699000,7.863380425572395,20,-846.66614598,1094.51,83057
640,0.001,0.99,1703707,73.1658960723877,1703600,2.5794526451826094,20,-871.50456632,1138.66,83279
641,0.001,0.99,1705435,73.57485237121583,1705300,9.763475410938263,20,-872.00417092,1149.25,83360
642,0.001,0.99,1708126,72.5414934539795,1708000,4.470296183228493,20,-876.61848465,1172.44,83499
643,0.001,0.99,1708562,74.729052734375,1708400,9.1816553658247,20,-870.8529308599999,1167.1,83518
644,0.001,0.99,1709023,75.01551170349121,1708900,6.999046249389648,20,-859.99896811,1155.5,83538
645,0.001,0.99,1709706,75.43971031188966,1709600,2.2641516157984736,20,-839.6126945399999,1149.75,83576
646,0.001,0.99,1712695,72.82061614990235,1712500,4.922901429533958,20,-842.04992477,1172.07,83718
647,0.001,0.99,1713793,75.41967247009278,1713600,5.348208648562431,20,-849.5755983799999,1180.72,83772
648,0.001,0.98,1718793,72.80401985168457,1718600,3.6961158668994902,20,-857.8828726899999,1223.87,84017
649,0.001,0.98,1719331,72.81512710571289,1719200,3.42302443087101,20,-856.80972952,1223.1,84044
650,0.001,0.98,1720219,73.54160415649415,1720100,10.365531961917878,20,-862.4296294299999,1223.48,84085
651,0.001,0.98,1722076,72.73100578308106,1721900,7.012465551495552,20,-870.76751242,1231.7,84179
652,0.001,0.98,1723054,74.51615325927735,1722900,13.287098331451416,20,-879.75748762,1205.76,84224
653,0.001,0.98,1723924,72.04436218261719,1723800,2.2417188262939454,20,-873.9873018699999,1206.89,84267
654,0.001,0.98,1724261,73.69822174072266,1724100,7.338478467464447,20,-866.95656831,1199.14,84282
655,0.001,0.98,1729015,71.9314720916748,1728900,10.480154279470444,20,-864.31649406,1235.41,84514
656,0.001,0.98,1730498,73.6907276916504,1730300,6.149988664984703,20,-856.34354188,1230.67,84585
657,0.001,0.98,1730927,72.82922973632813,1730800,7.125802125930786,20,-852.20855341,1228.67,84612
658,0.001,0.98,1731490,73.56395683288574,1731300,3.4981601279973984,20,-850.9408568499999,1228.58,84637
659,0.001,0.98,1734204,72.33336822509766,1734100,18.04638609945774,20,-837.9147961099999,1243.36,84773
660,0.001,0.98,1734794,72.80141136169433,1734600,2.9460067492723465,20,-823.0357380899998,1237.39,84806
661,0.001,0.98,1735500,70.8627619934082,1735300,4.775020712018013,20,-821.1319102799998,1234.64,84840
662,0.001,0.98,1735873,70.14578750610352,1735700,10.04296632349491,20,-822.0488678599997,1234.6,84861
663,0.001,0.98,1736820,73.71340515136718,1736700,5.841969246864319,20,-827.0584065099999,1235.31,84906
664,0.001,0.98,1737981,71.34553688049317,1737800,8.768364598751068,20,-837.5422919199998,1244.44,84959
665,0.001,0.98,1738451,70.95390739440919,1738300,2.634207591712475,20,-827.7509564999999,1239.18,84986
666,0.001,0.98,1739206,70.9123518371582,1739100,3.03539032459259,20,-825.2533693700002,1226.3,85019
667,0.001,0.98,1739779,73.45881103515624,1739600,7.287096245288849,20,-822.23008016,1222.6,85050
668,0.001,0.98,1740954,70.76053718566895,1740800,8.899404504299163,20,-832.3508505,1228.12,85108
669,0.001,0.98,1741723,69.62793663024902,1741600,8.516538544893265,20,-838.7288136500001,1226.34,85142
670,0.001,0.98,1745587,70.34393783569335,1745400,4.953790102601051,20,-836.3968533800003,1255.36,85329
671,0.001,0.98,1746983,68.11469596862793,1746800,16.139634714126586,20,-837.7107485400002,1262.03,85401
672,0.001,0.98,1748170,71.68007751464843,1748000,4.4905257803201675,20,-848.4351927300002,1272.08,85458
673,0.001,0.98,1748860,71.51420669555664,1748700,4.459708535075188,20,-847.23002253,1272.22,85490
674,0.001,0.99,1749599,69.37903900146485,1749400,12.140364030599594,20,-837.90080902,1229.61,85528
675,0.001,0.99,1753497,72.57896461486817,1753300,9.900573165416718,20,-831.97910125,1258.45,85718
676,0.001,0.99,1755146,72.70048072814942,1755000,8.88809983253479,20,-832.8464836999999,1256.92,85796
677,0.001,0.99,1757483,70.40323585510254,1757300,5.0252189987897875,20,-830.4337686799997,1253.56,85911
678,0.001,0.99,1758160,71.5773575592041,1758000,8.034115361571311,20,-827.48762098,1251.13,85942
679,0.001,0.99,1758759,70.5906829071045,1758600,7.041036900281906,20,-831.03848144,1253.62,85975
680,0.001,0.99,1759420,70.89923774719239,1759300,4.7856129518151285,20,-830.88697129,1253.21,86004
681,0.001,0.99,1760207,69.21608039855957,1760100,4.291354416012764,20,-822.6694200600001,1249.6,86044
682,0.001,0.99,1761380,71.09867347717285,1761200,9.346140252947807,20,-827.3659969299999,1252.47,86101
683,0.001,0.99,1762758,69.67690422058105,1762600,4.172088218927383,20,-825.4341349300001,1252.59,86167
684,0.001,0.99,1762921,69.08534927368164,1762800,6.165293701291084,20,-814.3896379800001,1236.44,86175
685,0.001,0.98,1767921,70.63423110961914,1767800,8.583614550828933,20,-826.84603226,1282.8,86418
686,0.001,0.98,1770804,69.68505638122559,1770700,3.620577688217163,20,-824.45692454,1286.61,86557
687,0.001,0.98,1772021,67.72330841064453,1771900,9.237608072757721,20,-818.4087136300003,1279.57,86614
688,0.001,0.98,1772636,67.94292655944824,1772500,10.47154021382332,20,-817.75200952,1254.1,86649
689,0.001,0.98,1773260,68.63846359252929,1773100,4.150841213464737,20,-812.6056545200001,1253.06,86675
690,0.001,0.98,1774074,69.30268653869629,1773900,2.8579133000969885,20,-806.7197444600001,1254.43,86718
691,0.001,0.98,1775632,67.5952523803711,1775500,6.754368581771851,20,-804.67839198,1263.51,86792
692,0.001,0.98,1775927,70.48128341674804,1775800,4.702365570068359,20,-794.2800407999999,1248.12,86810
693,0.001,0.98,1776577,68.56370681762695,1776400,4.865283901691437,20,-785.0643264,1244.3,86841
694,0.001,0.98,1777260,68.86417991638183,1777100,3.9914500206708907,20,-789.3525956099999,1245.41,86877
695,0.001,0.98,1778192,68.35158279418945,1778000,6.419623559117317,20,-790.98928093,1243.41,86917
696,0.001,0.98,1779268,65.51661056518554,1779100,7.2507950556278224,20,-786.74627148,1246.46,86971
697,0.001,0.98,1779919,67.84690437316894,1779800,11.269752959609031,20,-785.49387405,1244.18,87005
698,0.001,0.98,1780124,68.49544471740722,1780000,8.954286024570465,20,-780.2800676500001,1241.38,87014
699,0.001,0.98,1780950,68.33920318603515,1780800,10.790452404022217,20,-783.8968376000001,1244.49,87053
700,0.001,0.98,1781341,66.45696380615234,1781200,7.059205040335655,20,-776.2995440300002,1234.0,87074
701,0.001,0.98,1781929,68.07099807739257,1781800,5.102793068885803,20,-778.6927863600004,1235.69,87099
702,0.001,0.98,1782609,69.3377000427246,1782500,5.659636589884758,20,-784.5562166600002,1238.64,87136
703,0.001,0.98,1783339,68.65766365051269,1783200,5.840678370594978,20,-790.5108365700002,1241.7,87167
704,0.001,0.97,1788339,66.70503753662109,1788200,3.4540011429786683,20,-798.8219698000003,1282.3,87410
705,0.001,0.97,1789882,66.39740463256835,1789700,5.419181615710259,20,-798.0777612600002,1290.24,87491
706,0.001,0.97,1791249,69.83547508239747,1791100,8.33169966518879,20,-796.4014900300003,1287.92,87560
707,0.001,0.97,1792107,67.17228691101074,1792000,10.819159189462662,20,-794.7542647700002,1288.78,87596
708,0.001,0.97,1792819,67.26189384460449,1792700,8.482371392846108,20,-800.1638683200003,1293.84,87634
709,0.001,0.97,1793538,66.76045967102051,1793400,4.056250143051147,20,-800.5532385300003,1291.67,87671
710,0.001,0.97,1794612,69.8364828491211,1794500,7.957775367498398,20,-795.5893692800003,1290.18,87719
711,0.001,0.97,1794813,67.91896606445313,1794700,10.907365888357162,20,-785.5644766600002,1263.95,87735
712,0.001,0.97,1797198,67.62096878051757,1797000,9.280163332223893,20,-782.6049977300002,1278.84,87844
713,0.001,0.97,1799547,66.65586051940917,1799400,11.366464547514916,20,-777.2993175800002,1293.64,87959
714,0.001,0.97,1799891,69.09836853027343,1799700,4.276047249436378,20,-773.0112098400001,1270.48,87981
715,0.001,0.96,1804891,67.20874450683594,1804700,9.304721519351006,20,-777.19388231,1313.0,88222
716,0.001,0.95,1809891,67.54383529663086,1809700,15.025107241272927,20,-782.37671042,1357.3,88463
717,0.001,0.95,1812541,68.26400947570801,1812400,11.732649292349816,20,-791.4708993600001,1378.29,88596
718,0.001,0.95,1816500,68.27193832397461,1816300,17.007411699295044,20,-788.71913775,1407.71,88787
719,0.001,0.95,1817462,67.94303970336914,1817300,9.140579944252968,20,-783.5433505699999,1402.42,88831
720,0.001,0.95,1818093,67.7798551940918,1817900,5.222721825242043,20,-782.96876743,1397.68,88864
721,0.001,0.95,1819584,68.12844512939454,1819400,7.882518327236175,20,-792.3075355799998,1394.38,88935
722,0.001,0.95,1819936,68.20911949157716,1819800,7.660344657301903,20,-786.9549062999998,1391.82,88951
723,0.001,0.95,1820781,67.29012298583984,1820600,6.764366834163666,20,-788.0424631599999,1392.34,88994
724,0.001,0.95,1821954,66.76774314880372,1821800,8.828728107213974,20,-787.26805636,1395.97,89053
725,0.001,0.95,1823161,67.38856788635253,1823000,12.13417017519474,20,-803.0930408,1402.86,89113
726,0.001,0.95,1823922,67.08784675598145,1823800,4.772140960097313,20,-804.8709714399998,1399.09,89151
727,0.001,0.95,1826498,66.67921165466309,1826300,8.411365002393723,20,-811.17398659,1418.75,89278
728,0.001,0.95,1827858,67.88469833374023,1827700,7.844278822541237,20,-822.91168099,1424.58,89344
729,0.001,0.95,1828578,64.5074073791504,1828400,4.325813606381416,20,-822.2612028799999,1406.19,89375
730,0.001,0.95,1829646,68.22144966125488,1829500,6.348079715967178,20,-831.9599853100001,1390.96,89429
731,0.001,0.95,1830197,68.55553123474121,1830000,9.044737725257873,20,-830.5097920100001,1389.42,89460
732,0.001,0.95,1831430,66.65863700866699,1831300,15.75275439441204,20,-846.0719168900002,1396.23,89520
733,0.001,0.95,1832157,66.15035331726074,1832000,1.9531565564870834,20,-844.2084641400002,1395.06,89553
734,0.001,0.95,1832878,66.51578506469727,1832700,9.135123795866967,20,-842.7359825200001,1393.8,89590
735,0.001,0.95,1833957,66.91942008972168,1833800,6.641071323156357,20,-815.99373798,1386.1,89644
736,0.001,0.95,1836515,66.46967933654786,1836400,8.650385510325432,20,-854.0498171800001,1403.53,89769
737,0.001,0.95,1837353,67.07942329406738,1837200,4.070085711479187,20,-852.1687126399999,1404.66,89805
738,0.001,0.95,1837751,67.3513808441162,1837600,11.252274819612502,20,-854.0112722400002,1407.65,89829
739,0.001,0.95,1838445,67.7534602355957,1838300,7.765313329100609,20,-851.4450901699998,1392.93,89860
740,0.001,0.95,1839056,67.03828598022461,1838900,3.8308648258447646,20,-832.41795815,1353.49,89894
741,0.001,0.95,1841083,66.89164726257324,1840900,6.28363786906004,20,-844.50676349,1356.48,89988
742,0.001,0.95,1844550,66.87493621826172,1844400,10.19475390315056,20,-841.8345249399999,1364.24,90159
743,0.001,0.95,1845379,67.2658535003662,1845200,4.27766250193119,20,-844.7355782899998,1368.17,90201
744,0.001,0.95,1846204,65.98386657714843,1846100,12.95372182905674,20,-849.0975670599998,1371.81,90237
745,0.001,0.95,1847052,66.02983016967774,1846900,5.447788608074188,20,-851.24492897,1373.46,90282
746,0.001,0.95,1847836,66.95796081542969,1847700,8.56618310302496,20,-853.9052290899999,1351.41,90322
747,0.001,0.95,1849464,67.19489349365234,1849300,11.811162486672401,20,-869.0909530700001,1356.71,90399
748,0.001,0.96,1850213,66.63950775146485,1850100,14.694292868375777,20,-862.39049091,1314.2,90438
749,0.001,0.96,1851463,66.48748580932617,1851300,7.379070757031441,20,-879.8370803200003,1321.32,90498
750,0.001,0.96,1851976,67.8776774597168,1851800,7.557436807155609,20,-868.97467755,1317.57,90522
751,0.001,0.96,1854971,67.29192962646485,1854800,11.048188350200654,20,-866.8027285200001,1328.95,90665
752,0.001,0.96,1857801,66.22838508605957,1857700,11.289676064252854,20,-863.6358235399999,1347.47,90808
753,0.001,0.96,1858837,64.53221389770508,1858700,3.829311667084694,20,-875.8839330199999,1349.13,90854
754,0.001,0.96,1859290,65.15783546447754,1859100,4.829390682578087,20,-877.8297532399998,1350.29,90881
755,0.001,0.96,1859710,66.01222259521484,1859600,7.309273273348809,20,-873.6219127599999,1306.95,90900
756,0.001,0.96,1860267,67.88867515563965,1860100,13.763914549946785,20,-864.01037951,1297.69,90929
757,0.001,0.96,1861248,67.36450004577637,1861100,5.88290360212326,20,-864.70378882,1303.21,90973
758,0.001,0.96,1861810,64.86537292480469,1861700,12.059477539658547,20,-865.4549514000001,1303.2,91006
759,0.001,0.96,1862446,64.61924118041992,1862300,9.35565706193447,20,-867.78616901,1282.42,91033
760,0.001,0.96,1863432,66.43902236938476,1863300,5.045529628396034,20,-876.3946747699998,1286.38,91083
761,0.001,0.96,1864011,66.68764701843261,1863900,8.477543794512748,20,-873.32249612,1285.11,91113
762,0.001,0.96,1865256,66.67685371398926,1865100,2.9780039834976195,20,-886.9933097500001,1293.83,91174
763,0.001,0.96,1866430,66.92983253479004,1866300,4.584982695579529,20,-879.30638928,1296.1,91231
764,0.001,0.96,1867206,67.02636558532714,1867100,14.724076169133186,20,-876.6668367299998,1292.25,91268
765,0.001,0.96,1867942,65.56680786132813,1867800,8.338559859991074,20,-883.80531762,1294.91,91307
766,0.001,0.96,1868082,67.77685165405273,1867900,8.108746190667153,20,-874.1515581699999,1288.76,91313
767,0.001,0.96,1868321,65.37258674621582,1868200,18.53292658150196,20,-869.4996702399999,1285.42,91324
768,0.001,0.96,1868708,66.45374969482423,1868600,9.91113042652607,20,-861.0878417999999,1277.54,91340
769,0.001,0.96,1869146,65.08583030700683,1869000,8.593318868875503,20,-856.0773053,1274.23,91367
770,0.001,0.96,1869752,65.23767478942871,1869600,3.614293013215065,20,-846.99802642,1241.65,91393
771,0.001,0.96,1870732,66.09316276550292,1870600,9.082955679893495,20,-848.3941387,1237.49,91443
772,0.001,0.96,1872694,65.53571937561036,1872500,5.102698292136193,20,-856.0603124599999,1245.24,91536
773,0.001,0.96,1873723,68.5303987121582,1873600,9.868908492922783,20,-855.66419079,1248.63,91585
774,0.001,0.96,1877609,67.25771095275879,1877500,10.658300991654396,20,-852.5207212900001,1280.1,91773
775,0.001,0.96,1877859,64.05310829162597,1877700,8.273866994976997,20,-846.1915546700001,1243.62,91792
776,0.001,0.96,1878254,65.42420166015626,1878100,8.1461353880167,20,-832.8275841100002,1231.08,91810
777,0.001,0.96,1878973,66.92796371459961,1878800,10.443539074659348,20,-834.9548135800002,1214.9,91844
778,0.001,0.96,1879575,66.40191398620605,1879400,7.111816322803497,20,-827.3351747100002,1214.15,91875
779,0.001,0.96,1880204,67.58189170837403,1880100,3.1385261660814283,20,-825.7865457300001,1214.45,91904
780,0.001,0.96,1880871,66.53128639221191,1880700,7.154665895700455,20,-826.4691553399998,1214.51,91938
781,0.001,0.96,1881676,68.17989799499512,1881500,17.449945343136786,20,-831.34033786,1214.69,91980
782,0.001,0.96,1883766,65.6098501586914,1883600,11.921773522496224,20,-833.11984965,1223.86,92077
783,0.001,0.96,1884299,65.206650390625,1884100,9.736007649898529,20,-828.58635568,1215.41,92108
784,0.001,0.96,1884982,66.99620742797852,1884800,5.344308824539184,20,-835.4986615900001,1220.61,92137
785,0.001,0.97,1885193,65.59537147521972,1885000,6.180553445219994,20,-823.2401644100001,1172.72,92149
786,0.001,0.97,1885667,67.38937675476075,1885500,8.353016124367715,20,-816.025864,1148.63,92175
787,0.001,0.97,1886307,67.13654891967774,1886200,7.161597821712494,20,-813.85950938,1142.86,92203
788,0.001,0.97,1886540,66.8739281463623,1886400,11.25535528063774,20,-811.75732187,1139.04,92220
789,0.001,0.97,1887053,66.28855575561523,1886900,4.549760574698448,20,-815.4790511000001,1137.93,92244
790,0.001,0.97,1887736,63.817148971557614,1887600,8.432570405006409,20,-822.25648594,1136.62,92278
791,0.001,0.97,1888305,65.38115776062011,1888200,16.88248644888401,20,-822.76320806,1126.73,92306
792,0.001,0.97,1889313,67.35778778076173,1889200,11.565765724182128,20,-839.5452946099999,1133.86,92358
793,0.001,0.97,1890079,66.01660705566407,1889900,5.879077476859092,20,-842.2522483999998,1135.02,92391
794,0.001,0.97,1891917,67.820179977417,1891800,1.3653439903259277,20,-867.2103495599999,1146.57,92485
795,0.001,0.97,1893001,66.58515953063964,1892900,13.234625347852706,20,-866.9539866699997,1148.09,92539
796,0.001,0.97,1893597,68.19938331604004,1893400,2.453786193728447,20,-867.5329913999999,1143.29,92565
797,0.001,0.97,1895797,66.85625999450684,1895600,6.979639450907707,20,-878.6109031899998,1158.78,92676
798,0.001,0.97,1896274,65.3977117919922,1896100,9.209661241173745,20,-882.3511344699998,1161.5,92698
799,0.001,0.97,1900354,65.15955101013184,1900200,9.485025485754013,20,-886.7272168499999,1194.04,92912
800,0.001,0.97,1901272,66.04975303649903,1901100,7.320931209921837,20,-893.5650879499999,1199.31,92964
801,0.001,0.97,1901957,65.49176765441895,1901800,2.266905189752579,20,-891.7574502800001,1200.28,92996
802,0.001,0.97,1903062,65.69876525878907,1902900,5.9091672158241275,20,-888.1816984199999,1204.53,93057
803,0.001,0.97,1903381,66.01101364135742,1903200,11.239068419337272,20,-881.6634331700001,1200.42,93077
804,0.001,0.98,1904380,67.37777687072754,1904200,9.151764242649078,20,-874.86484267,1160.41,93128
805,0.001,0.98,1904662,68.26969627380372,1904500,13.7436260586977,20,-872.7529769600001,1147.8,93150
806,0.001,0.98,1904957,66.88223823547364,1904800,10.469014357924461,20,-860.99778875,1137.08,93165
807,0.001,0.98,1905497,65.27245132446289,1905300,14.393800770044328,20,-855.79188201,1133.9,93192
808,0.001,0.98,1906057,65.00910751342774,1905900,6.252182406187058,20,-855.0382142099999,1132.38,93226
809,0.001,0.98,1906673,66.85260498046875,1906500,4.328612921833992,20,-852.7758706599998,1131.35,93259
810,0.001,0.98,1906801,65.99300964355469,1906700,7.440768085122109,20,-846.9758557799998,1121.89,93269
811,0.001,0.98,1907554,67.90030868530273,1907400,5.63755624294281,20,-854.49983853,1127.41,93305
812,0.001,0.98,1907932,66.37874710083008,1907800,13.496198746562005,20,-851.22520744,1107.34,93332
813,0.001,0.98,1908622,64.85537963867188,1908500,9.814920008778572,20,-855.52586161,1090.75,93366
814,0.001,0.98,1911053,65.68743255615234,1910900,2.7331137609481813,20,-856.9927536299999,1111.62,93497
815,0.001,0.99,1911800,66.18480842590333,1911600,5.970728709697723,20,-853.4787946499999,1069.09,93539
816,0.001,1.0,1912522,65.87488380432129,1912400,5.291160488724708,20,-854.5051981699997,1026.31,93582
817,0.001,1.0,1913131,67.59288513183594,1913000,8.530313038229941,20,-846.3181444199997,1005.9,93609
818,0.001,1.0,1913776,65.43593948364258,1913600,3.594840270578861,20,-849.6483952599998,972.76,93647
819,0.001,1.0,1914451,67.27916038513183,1914300,9.592356992959976,20,-853.38828495,969.89,93679
820,0.001,1.0,1915007,65.41346504211425,1914900,4.4922382158041,20,-853.4168258999999,969.14,93716
821,0.001,1.0,1915647,65.09289733886719,1915500,14.82199845790863,20,-851.5492049600001,960.63,93752
822,0.001,1.0,1916203,66.69975715637207,1916100,6.893359339237213,20,-855.8777610199999,962.67,93781
823,0.001,1.0,1916904,67.14616828918457,1916800,9.168995430469513,20,-855.6824837300001,961.23,93822
824,0.001,1.0,1919292,66.39765838623048,1919100,6.969727870225906,20,-851.6131876100001,973.38,93950
825,0.001,1.0,1920085,65.87597747802734,1919900,8.74466140627861,20,-841.0383955800003,969.24,93987
826,0.001,1.0,1920428,66.93523971557617,1920300,12.886370778083801,20,-835.7797567200001,965.06,94013
827,0.001,1.0,1921314,67.03168029785157,1921200,6.561489769220352,20,-835.0990102300001,948.16,94061
828,0.001,1.0,1922022,64.6584757232666,1921900,12.03774433672428,20,-820.11173556,941.64,94097
829,0.001,1.0,1922635,66.46511985778808,1922500,15.338098563551902,20,-820.57574852,940.57,94132
830,0.001,1.0,1923552,67.78841209411621,1923400,10.140415394306183,20,-815.14539091,939.06,94177
831,0.001,1.0,1925537,67.80911064147949,1925400,5.284320325255394,20,-813.81895879,953.4,94286
832,0.001,1.0,1926037,65.80226066589356,1925900,8.645414862632752,20,-799.2705123699999,946.07,94319
833,0.001,1.0,1926626,63.99274932861328,1926500,8.286999772191047,20,-796.4304455199999,944.69,94347
834,0.001,1.0,1927214,66.82111335754395,1927100,6.21652223944664,20,-794.9528206399998,943.36,94383
835,0.001,1.0,1927920,67.4028335571289,1927800,11.696821909546852,20,-798.1001577200001,939.63,94417
836,0.001,1.0,1928539,65.18262313842773,1928400,12.59611832857132,20,-758.8477423400001,920.24,94456
837,0.001,1.0,1929157,66.16782623291016,1929000,6.7728472191095355,20,-757.2955041200001,918.04,94489
838,0.001,1.0,1931136,65.53735397338868,1931000,13.484234778881072,20,-764.3497504000001,933.85,94594
839,0.001,1.0,1932231,69.0669857788086,1932100,7.444593034982681,20,-762.9653599200001,937.86,94652
840,0.001,1.0,1932918,65.41226600646972,1932800,4.536317191123962,20,-763.1361185199999,938.62,94692
841,0.001,1.0,1933759,65.7842618560791,1933600,8.74193213224411,20,-757.7498287499999,926.76,94740
842,0.001,1.0,1934387,65.00919151306152,1934200,8.224424630403519,20,-754.9996750299999,898.37,94772
843,0.001,1.0,1934962,67.6818837738037,1934800,6.039011237025261,20,-758.24413818,895.83,94807
844,0.001,1.0,1935301,67.71958152770996,1935200,3.2128692060709,20,-752.2868243400001,890.97,94825
845,0.001,1.0,1936235,66.30508880615234,1936100,7.98613950908184,20,-751.9461693400002,891.83,94879
846,0.001,1.0,1938619,67.20911399841309,1938500,13.02684342443943,20,-748.7977560100002,907.83,95009
847,0.001,1.0,1939287,66.59615242004395,1939100,11.441914692223072,20,-735.1096571200001,898.23,95045
848,0.001,1.0,1941851,68.20504981994628,1941700,6.38220331043005,20,-727.8887294100001,916.38,95186
849,0.001,1.0,1943291,65.96502601623536,1943100,3.989555736780167,20,-710.2975602500001,918.28,95263
850,0.001,1.0,1943594,66.05910850524903,1943400,11.629211867451668,20,-710.1292242200001,916.18,95277
851,0.001,1.0,1944437,65.40909576416016,1944300,5.134163916110992,20,-713.2148804399999,894.66,95328
852,0.001,1.0,1945096,66.66755462646485,1944900,12.294547519087791,20,-711.90104473,872.95,95369
853,0.001,1.0,1945842,65.2933903503418,1945700,8.73673297584057,20,-709.9622835699998,870.05,95406
854,0.001,1.0,1946626,65.51789878845214,1946500,9.12220223248005,20,-713.3224070599997,873.36,95451
855,0.001,1.0,1947796,67.5345832824707,1947600,16.897982356548308,20,-720.3923866299999,880.86,95512
856,0.001,1.0,1948462,66.27785850524903,1948300,2.7089589577913284,20,-722.0191414299999,881.95,95553
857,0.001,1.0,1950668,66.15843879699707,1950500,12.992174347043038,20,-723.58837715,894.2,95675
858,0.001,1.0,1953325,68.00375442504883,1953200,9.884846649169923,20,-728.2499002099999,915.15,95816
859,0.001,1.0,1954148,66.90639572143554,1954000,7.479583826065063,20,-733.35087074,917.02,95864
860,0.001,1.0,1955409,65.32857597351074,1955300,7.72285404920578,20,-725.56319703,919.77,95931
861,0.001,0.99,1960409,64.65192390441895,1960300,9.754040979146957,20,-728.11419032,963.98,96201
862,0.001,0.99,1960990,66.28230117797851,1960800,4.8603161138296125,20,-718.37150466,957.34,96237
863,0.001,0.99,1962154,64.64320137023925,1962000,12.870963299274445,20,-711.6253392700002,957.24,96300
864,0.001,0.99,1962832,63.578810424804686,1962700,5.083019336462021,20,-706.3751208300002,956.26,96338
865,0.001,0.99,1963520,65.95348785400391,1963400,8.001468916535378,20,-703.53361107,955.78,96373
866,0.001,0.99,1963840,64.89908477783203,1963700,6.952425958514214,20,-705.4361955200001,957.58,96392
867,0.001,0.99,1965216,65.38465087890626,1965100,9.770444103479385,20,-722.3327609999999,968.95,96471
868,0.001,0.99,1965752,64.04151847839356,1965600,10.957070666253566,20,-724.8905683600001,970.44,96496
869,0.001,0.99,1965911,64.11979110717773,1965800,4.533085181117058,20,-721.1481824599999,967.65,96504
870,0.001,0.98,1970911,64.22746994018554,1970800,5.494032545983791,20,-728.81645221,1011.59,96783
871,0.001,0.98,1971481,64.07494758605957,1971300,11.094936950802802,20,-731.25934446,1007.49,96809
872,0.001,0.98,1972546,64.23067321777344,1972400,7.441886533498764,20,-716.3914665899999,998.52,96867
873,0.001,0.98,1973206,64.24807075500489,1973100,5.165793869197369,20,-719.7984658500001,994.83,96905
874,0.001,0.98,1975706,62.57347747802734,1975600,17.057176701426506,20,-724.4035388799999,980.97,97040
875,0.001,0.97,1980706,63.28441047668457,1980600,14.885510665178298,20,-741.40082347,1028.47,97316
876,0.001,0.97,1981319,62.22177749633789,1981200,10.08239601433277,20,-744.0068305000001,1030.65,97349
877,0.001,0.97,1981616,61.59006233215332,1981500,3.7920090985298156,20,-738.6106312899999,1026.43,97363
878,0.001,0.97,1982148,62.798284912109374,1982000,2.502467706203461,20,-743.6726607199998,1025.73,97398
879,0.001,0.97,1982949,62.276204910278324,1982800,9.803302849531173,20,-746.6872242,1027.45,97441
880,0.001,0.97,1983453,62.22817352294922,1983300,2.692531047165394,20,-742.16839315,1025.82,97468
881,0.001,0.97,1985317,62.12655975341797,1985200,5.132761172056198,20,-736.7719970500001,1036.41,97574
882,0.001,0.97,1989604,60.14289710998535,1989500,2.959373563528061,20,-723.50957739,1058.38,97807
883,0.001,0.97,1990322,62.646969375610354,1990200,12.937844393253327,20,-727.07216339,1060.23,97843
884,0.001,0.96,1995322,60.9962134552002,1995200,8.889914014339446,20,-729.9335706200001,1103.4,98100
885,0.001,0.96,1999835,60.78006591796875,1999700,15.345570053458214,20,-743.8115283200001,1146.42,98330
