train/actor_loss,time/episodes,train/critic_loss,rollout/ep_len_mean,time/total timesteps,train/learning_rate,time/time_elapsed,rollout/ep_rew_mean,time/fps,rollout/success rate,train/n_updates
368.5266937255859,7444,5308.768692016602,23.65,400182,0.001,44,-29.30903939,9091,0.88,400080
368.6793579101562,7448,5405.692059326172,23.39,400212,0.001,62,-29.02949015,6449,0.88,400100
366.7508911132812,7452,5432.357360839844,23.86,400385,0.001,110,-29.96109359,3637,0.89,400280
367.3595947265625,7456,5341.554742431641,23.89,400413,0.001,126,-29.55586462,3174,0.89,400300
366.3864379882813,7460,5061.83275756836,23.61,400586,0.001,173,-31.515202360000007,2305,0.89,400480
363.9797119140625,7464,5655.504260253906,23.55,400697,0.001,212,-31.225835710000002,1881,0.9,400580
369.5836608886719,7468,4632.152603149414,24.73,400903,0.001,277,-34.66238828,1444,0.89,400800
372.16334533691406,7472,5243.75415649414,24.91,400951,0.001,328,-34.535795830000005,1219,0.89,400840
371.7210388183594,7476,5302.03003540039,24.91,401076,0.001,367,-30.35532218,1090,0.89,400960
374.1969421386719,7480,3965.0707763671876,24.67,401192,0.001,402,-32.06800591,996,0.89,401080
368.6366333007812,7484,3955.9677459716795,23.3,401268,0.001,442,-28.844103190000002,906,0.91,401160
364.00803833007814,7488,6414.146765136718,24.03,401381,0.001,485,-29.942274930000004,826,0.91,401280
366.4769561767578,7492,5577.770922851562,23.09,401426,0.001,524,-29.19761312,764,0.92,401320
369.11240844726564,7496,6656.761694335937,24.93,401648,0.001,589,-30.517799769999993,681,0.9,401540
366.59019165039064,7500,4944.589837646485,25.97,401792,0.001,646,-30.44072947,621,0.89,401680
361.4499908447266,7504,5414.50191040039,27.02,401926,0.001,685,-31.459056999999998,586,0.88,401820
365.8511138916016,7508,4454.405963134765,26.05,401959,0.001,696,-29.738034560000003,576,0.89,401840
367.78693237304685,7512,4912.879180908203,25.41,402085,0.001,745,-30.19579532,539,0.89,401980
367.52582397460935,7516,4926.532650756836,25.15,402125,0.001,759,-30.412778339999996,529,0.89,402020
365.6203094482422,7520,5704.36060180664,25.3,402258,0.001,794,-30.914315669999997,506,0.88,402140
373.8428100585937,7524,4888.798281860351,25.52,402400,0.001,836,-27.510401069999997,480,0.88,402280
367.5289733886719,7528,6221.855502319336,26.09,402478,0.001,866,-28.660040269999996,464,0.88,402360
367.05898132324216,7532,4268.464181518555,26.07,402515,0.001,886,-27.75177725,454,0.88,402400
370.9919891357422,7536,5244.841339111328,27.43,402689,0.001,935,-31.282725489999997,430,0.87,402580
368.66331787109374,7540,5048.864688110351,28.04,402804,0.001,974,-36.29131743000001,413,0.86,402700
370.37884826660155,7544,5064.279071044922,26.64,402846,0.001,999,-31.830569439999994,403,0.87,402740
366.6772125244141,7548,5816.663684082031,27.93,403005,0.001,1034,-34.541527959999996,389,0.86,402900
370.02528381347656,7552,4642.336120605469,26.55,403040,0.001,1057,-31.32793909,381,0.86,402920
369.0834533691406,7556,4549.656369018555,27.44,403157,0.001,1104,-31.449745840000002,365,0.85,403040
365.5430603027344,7560,5229.614331054688,26.08,403194,0.001,1117,-28.453733380000003,360,0.86,403080
368.5442138671875,7564,6047.465270996094,25.18,403215,0.001,1127,-26.98775689,357,0.86,403100
366.58623046875,7568,5675.478475952148,24.37,403340,0.001,1170,-24.149256249999997,344,0.86,403220
372.09214782714844,7572,4130.310040283203,24.92,403443,0.001,1221,-25.892757269999997,330,0.86,403340
366.74196166992186,7576,5248.137548828125,24.88,403564,0.001,1253,-25.227477359999998,321,0.86,403460
365.8087219238281,7580,6603.640902709961,24.91,403683,0.001,1284,-25.100482889999995,314,0.86,403580
371.64252319335935,7584,5350.686749267578,26.09,403877,0.001,1354,-27.90574467,298,0.85,403760
371.24622802734376,7588,5462.673233032227,26.44,404025,0.001,1402,-30.206907469999997,288,0.84,403920
370.7654632568359,7592,4312.094467163086,26.47,404073,0.001,1427,-30.66716739,283,0.84,403960
366.8496063232422,7596,5904.866439819336,24.69,404117,0.001,1444,-30.53132038,279,0.86,404000
367.7140319824219,7600,5928.174401855469,23.71,404163,0.001,1462,-30.09052475,276,0.87,404060
365.57513427734375,7604,5940.172741699219,23.97,404323,0.001,1512,-35.135567509999994,267,0.87,404220
366.5005340576172,7608,5992.657727050781,23.89,404348,0.001,1524,-35.1824082,265,0.87,404240
369.98435363769534,7612,5702.227139282227,24.75,404560,0.001,1600,-35.856042959999996,252,0.87,404440
367.939453125,7616,4616.911151123047,24.72,404597,0.001,1628,-35.61567657999999,248,0.87,404480
376.6162567138672,7620,4729.610336303711,23.87,404645,0.001,1647,-34.891412800000005,245,0.88,404540
372.248486328125,7624,5009.471994018555,22.8,404680,0.001,1665,-33.87517612999999,242,0.89,404560
368.40393981933596,7628,6201.927401733398,22.46,404724,0.001,1679,-32.9940868,240,0.89,404620
369.2719787597656,7632,5587.540811157227,22.47,404762,0.001,1698,-32.9232055,238,0.89,404660
371.4132965087891,7636,6001.660784912109,22.02,404891,0.001,1745,-29.843599759999993,232,0.89,404780
370.06231079101565,7640,5826.380706787109,22.13,405017,0.001,1808,-26.63054357,223,0.89,404900
364.2969451904297,7644,6374.484344482422,22.21,405067,0.001,1832,-26.997339750000002,221,0.89,404960
369.9063018798828,7648,5721.675207519531,21.11,405116,0.001,1868,-24.11667292,216,0.9,405000
370.5350799560547,7652,5297.959558105469,21.03,405143,0.001,1883,-24.46614232,215,0.9,405040
375.6823272705078,7656,4564.56279296875,22.02,405359,0.001,1944,-30.05755492,208,0.89,405240
365.9031097412109,7660,6238.623944091797,21.9,405384,0.001,1953,-30.068152550000004,207,0.89,405280
372.985009765625,7664,5466.683557128907,22.0,405415,0.001,1972,-30.071983820000003,205,0.89,405300
367.585888671875,7668,6681.67505493164,21.23,405463,0.001,1998,-28.688164020000002,202,0.9,405360
369.2183349609375,7672,6390.77893371582,20.48,405491,0.001,2017,-26.823293510000003,201,0.9,405380
373.9130096435547,7676,3846.767694091797,20.81,405645,0.001,2071,-28.39831695,195,0.9,405540
370.3178009033203,7680,4374.153460693359,20.02,405685,0.001,2091,-26.09407611,193,0.91,405580
373.5593231201172,7684,4671.390379333496,18.52,405729,0.001,2114,-22.88064749,191,0.92,405620
372.15733337402344,7688,5189.517785644532,17.96,405821,0.001,2143,-20.07495758,189,0.93,405720
373.9218505859375,7692,5117.332727050782,17.79,405852,0.001,2154,-19.695004880000003,188,0.93,405740
370.4236358642578,7696,5270.1781555175785,18.27,405944,0.001,2188,-19.590638680000005,185,0.93,405840
369.50025634765626,7700,4634.767962646484,18.83,406046,0.001,2210,-20.182314620000003,183,0.93,405940
368.61903076171876,7704,6596.786767578125,17.84,406107,0.001,2243,-14.337952360000001,181,0.94,406000
368.98838806152344,7708,5030.677618408203,17.92,406140,0.001,2267,-14.18702386,179,0.94,406020
373.54315795898435,7712,6069.838302612305,17.17,406277,0.001,2307,-13.05110077,176,0.94,406160
369.5910583496094,7716,7402.291421508789,18.01,406398,0.001,2339,-16.871582030000003,173,0.93,406280
369.26353454589844,7720,6033.157055664063,18.74,406519,0.001,2368,-16.43852779,171,0.92,406400
372.4853515625,7724,4311.8029113769535,18.89,406569,0.001,2398,-16.569855049999997,169,0.92,406460
372.4228790283203,7728,6345.240155029297,18.77,406601,0.001,2412,-16.779921380000005,168,0.92,406500
372.7006500244141,7732,6337.474584960937,18.94,406656,0.001,2445,-16.85177861,166,0.92,406540
366.928125,7736,6308.360974121094,18.57,406748,0.001,2475,-18.40716424,164,0.93,406640
373.30353393554685,7740,6661.227691650391,18.46,406863,0.001,2507,-17.098142470000003,162,0.94,406760
370.0276580810547,7744,5960.178518676757,19.09,406976,0.001,2538,-19.38624696,160,0.94,406860
367.5325439453125,7748,6971.452743530273,19.66,407082,0.001,2584,-22.808801990000003,157,0.94,406980
372.45689697265624,7752,4832.880877685547,20.83,407226,0.001,2626,-27.347914180000004,155,0.93,407120
375.34613647460935,7756,5133.569116210938,18.94,407253,0.001,2640,-21.487862170000003,154,0.95,407140
373.33754272460936,7760,6091.960174560547,19.09,407293,0.001,2654,-21.63327434,153,0.95,407180
374.7074279785156,7764,5299.461373901368,19.39,407354,0.001,2678,-22.162789430000004,152,0.95,407240
367.59084167480466,7768,5604.7293701171875,20.15,407478,0.001,2707,-26.02841966,150,0.94,407360
374.78851928710935,7772,5147.532846069336,20.48,407539,0.001,2726,-26.93853426,149,0.94,407420
377.9150054931641,7776,4232.519915771484,19.91,407636,0.001,2755,-25.16193767,147,0.95,407520
374.402099609375,7780,5534.227947998047,19.92,407677,0.001,2779,-25.488087260000007,146,0.95,407560
374.0399627685547,7784,5987.727709960937,19.79,407708,0.001,2793,-25.52548021,145,0.95,407600
371.1249603271484,7788,6318.687347412109,19.18,407739,0.001,2811,-25.118922060000003,145,0.95,407620
377.5362487792969,7792,5410.277099609375,19.64,407816,0.001,2833,-26.300738530000004,143,0.95,407700
366.77484436035155,7796,7996.6090087890625,20.24,407968,0.001,2876,-27.104551010000005,141,0.94,407860
373.23179016113284,7800,6045.000561523438,20.42,408088,0.001,2908,-27.204631770000006,140,0.93,407980
372.95135192871095,7804,7055.604211425782,21.19,408226,0.001,2941,-27.69376506,138,0.92,408120
377.7244842529297,7808,5292.634820556641,22.17,408357,0.001,2980,-28.197973070000003,136,0.91,408240
376.66954345703124,7812,6404.48932800293,22.1,408487,0.001,3016,-30.58624869,135,0.91,408380
375.0484649658203,7816,5564.214270019531,21.81,408579,0.001,3039,-27.771169510000004,134,0.92,408460
372.5730407714844,7820,6599.009613037109,21.45,408664,0.001,3074,-27.550630870000006,132,0.93,408560
375.0088287353516,7824,5093.456216430664,21.19,408688,0.001,3095,-27.652257340000002,132,0.93,408580
374.337548828125,7828,5690.572650146484,21.21,408722,0.001,3112,-27.486660569999998,131,0.93,408620
372.37738647460935,7832,7345.560864257813,21.02,408758,0.001,3125,-27.31711567,130,0.93,408640
369.62909240722655,7836,6931.2891296386715,20.55,408803,0.001,3144,-25.346387460000003,129,0.93,408700
377.00144958496094,7840,6014.68480834961,20.59,408922,0.001,3192,-25.896416709999997,128,0.93,408820
372.0117523193359,7844,6048.616961669922,20.67,409043,0.001,3225,-23.769340140000004,126,0.92,408940
371.27235412597656,7848,7409.248400878906,20.04,409086,0.001,3243,-20.8760594,126,0.92,408980
373.1039672851563,7852,4796.147270202637,18.91,409117,0.001,3269,-15.92160958,125,0.93,409000
378.36574096679686,7856,4553.918222045899,18.85,409138,0.001,3284,-16.05852688,124,0.93,409020
377.9199523925781,7860,4653.452828979493,19.81,409274,0.001,3327,-17.70768681,122,0.93,409160
381.05091857910156,7864,6351.147476196289,20.42,409396,0.001,3388,-17.78484961,120,0.92,409280
380.61521606445314,7868,4885.309155273438,21.38,409616,0.001,3440,-15.169268669999997,119,0.91,409500
379.27524719238284,7872,6105.953857421875,21.28,409667,0.001,3467,-14.411829619999999,118,0.91,409560
373.96954650878905,7876,8371.746136474609,20.69,409705,0.001,3485,-14.405231729999999,117,0.91,409600
373.21144714355466,7880,4990.144055175781,20.66,409743,0.001,3506,-14.402145649999996,116,0.91,409640
375.7260986328125,7884,6209.997280883789,21.67,409875,0.001,3555,-17.70286249,115,0.9,409760
377.6896026611328,7888,4997.676599121094,21.76,409915,0.001,3572,-17.5126431,114,0.9,409800
375.53221435546874,7892,5230.928161621094,21.29,409945,0.001,3587,-16.3387341,114,0.9,409840
373.1388336181641,7896,6687.366735839843,20.06,409974,0.001,3596,-14.438260710000002,113,0.91,409860
376.708642578125,7900,5942.275183105468,20.07,410095,0.001,3629,-14.055896539999997,112,0.91,409980
371.74432067871095,7904,5595.506353759765,19.55,410181,0.001,3663,-13.66767497,111,0.92,410080
367.578515625,7908,6760.108346557618,19.88,410345,0.001,3700,-13.929571330000002,110,0.92,410240
378.50160522460936,7912,4913.379998779297,19.81,410468,0.001,3745,-11.05744293,109,0.92,410360
374.56036376953125,7916,6386.361767578125,21.08,410687,0.001,3800,-16.238812590000002,108,0.9,410580
376.09715881347654,7920,5919.3653015136715,22.35,410899,0.001,3857,-19.326650719999996,106,0.88,410780
373.4459655761719,7924,6542.605444335937,22.42,410930,0.001,3868,-18.92084936,106,0.88,410820
376.73504638671875,7928,5784.79065246582,23.26,411048,0.001,3910,-21.808321859999996,105,0.88,410940
375.45514221191405,7932,5732.7009002685545,23.36,411094,0.001,3934,-22.37612394,104,0.88,410980
373.3435882568359,7936,6144.438824462891,23.18,411121,0.001,3946,-22.00076068,104,0.88,411020
371.5869110107422,7940,5628.471887207032,24.37,411359,0.001,4005,-23.01970953,102,0.86,411240
376.9469848632813,7944,4358.737353515625,23.71,411414,0.001,4029,-23.360743919999994,102,0.87,411300
376.0965515136719,7948,5877.986975097656,24.77,411563,0.001,4064,-27.88488899,101,0.86,411460
378.31260375976564,7952,5025.530172729492,25.12,411629,0.001,4087,-27.968953619999997,100,0.86,411520
379.93700256347654,7956,4657.800228881836,25.43,411681,0.001,4100,-29.566830420000002,100,0.86,411580
380.3521667480469,7960,5846.879766845703,25.51,411825,0.001,4148,-28.516246640000006,99,0.85,411720
372.2923583984375,7964,7027.677505493164,26.44,412040,0.001,4199,-33.81391475,98,0.84,411920
376.88686218261716,7968,5840.20185546875,24.65,412081,0.001,4213,-33.156404980000005,97,0.86,411980
376.04185791015624,7972,5666.469534301757,24.84,412151,0.001,4236,-33.34242643,97,0.86,412040
378.7525634765625,7976,6969.742962646485,24.86,412191,0.001,4249,-33.40770583,96,0.86,412080
379.3593811035156,7980,5484.184823608399,25.7,412313,0.001,4285,-37.27064396000001,96,0.85,412200
381.9149230957031,7984,4785.470376586914,25.09,412384,0.001,4306,-34.089106550000004,95,0.86,412280
,7988,,24.85,412400,,4315,-34.25700538,95,0.86,
376.2489501953125,7992,6148.155041503906,24.98,412443,0.001,4330,-34.05764756,95,0.86,412340
379.65472106933595,7996,3738.046630859375,26.88,412662,0.001,4402,-35.60599109,93,0.85,412560
371.4131774902344,8000,7627.7969421386715,27.72,412867,0.001,4468,-37.71803662,92,0.85,412760
378.4254455566406,8004,5613.068823242187,28.26,413007,0.001,4506,-38.18265409,91,0.84,412900
378.109619140625,8008,5570.473217773438,27.87,413132,0.001,4552,-42.48115299999999,90,0.84,413020
377.5844787597656,8012,5786.737622070313,26.99,413167,0.001,4574,-42.048020049999984,90,0.85,413060
373.179541015625,8016,5464.8751220703125,25.6,413247,0.001,4603,-36.97977846,89,0.87,413140
378.5397613525391,8020,6016.096301269531,25.72,413471,0.001,4674,-34.855047170000006,88,0.87,413360
377.35951232910156,8024,4686.09428100586,26.66,413596,0.001,4713,-35.3415985,87,0.86,413480
380.4640350341797,8028,5082.149356079101,26.64,413712,0.001,4751,-32.98949634,87,0.86,413600
372.08978576660155,8032,7362.408392333984,28.36,413930,0.001,4800,-34.04954658,86,0.84,413820
376.27895202636716,8036,5526.9425598144535,28.83,414004,0.001,4827,-34.718682720000004,85,0.84,413900
377.93353881835935,8040,5619.961160278321,27.15,414074,0.001,4852,-32.58408196,85,0.86,413960
381.7876892089844,8044,5078.93720703125,26.84,414098,0.001,4866,-30.91593726,85,0.86,413980
376.2567626953125,8048,6095.7501953125,26.54,414217,0.001,4893,-26.6463647,84,0.86,414100
379.7442230224609,8052,6090.843878173828,26.28,414257,0.001,4914,-27.15850023,84,0.86,414140
381.99754943847654,8056,5714.4915771484375,27.04,414385,0.001,4948,-29.56804326,83,0.85,414280
377.9465576171875,8060,6232.3153625488285,26.81,414506,0.001,4993,-29.119801089999996,83,0.85,414400
375.32342834472655,8064,6678.303771972656,25.03,414543,0.001,5007,-23.613161929999997,82,0.87,414440
376.3254821777344,8068,5005.336911010742,25.23,414604,0.001,5027,-23.483783599999995,82,0.87,414500
380.3855438232422,8072,5712.724713134766,26.73,414824,0.001,5098,-26.959770129999995,81,0.85,414720
381.9268798828125,8076,4923.689251708985,26.69,414860,0.001,5116,-26.761063280000002,81,0.85,414740
375.6898559570312,8080,4882.237902832031,25.83,414896,0.001,5134,-22.38676962,80,0.86,414780
379.5922088623047,8084,5694.842694091797,25.54,414938,0.001,5165,-22.12001791,80,0.86,414820
381.5596588134766,8088,4982.441833496094,25.71,414971,0.001,5184,-22.48723946,80,0.86,414860
369.96599731445315,8092,7264.747189331055,25.75,415018,0.001,5204,-22.43791474,79,0.86,414900
372.0661926269531,8096,6016.0856262207035,24.84,415146,0.001,5246,-23.627547139999997,79,0.86,415040
376.1088134765625,8100,5617.294534301758,24.37,415304,0.001,5295,-23.4131615,78,0.86,415200
376.41477355957034,8104,6856.590063476562,23.22,415329,0.001,5311,-22.69726819,78,0.87,415220
379.2076416015625,8108,5365.407745361328,22.33,415365,0.001,5324,-17.94737323,78,0.88,415260
373.7298065185547,8112,7023.52666015625,22.45,415412,0.001,5338,-17.954907459999998,77,0.88,415300
379.94472351074216,8116,4882.42211303711,23.04,415551,0.001,5373,-21.75299828,77,0.87,415440
373.0292083740234,8120,6374.567907714843,22.0,415671,0.001,5402,-21.59700054,76,0.89,415560
375.29827880859375,8124,7273.618481445313,22.05,415801,0.001,5442,-21.965825339999995,76,0.89,415700
374.6020812988281,8128,5422.70210571289,23.17,416029,0.001,5499,-27.73303434,75,0.87,415920
376.9017272949219,8132,5515.295718383789,21.47,416077,0.001,5516,-26.198686819999992,75,0.89,415960
374.41636352539064,8136,6843.139935302735,21.17,416121,0.001,5534,-25.577532650000002,75,0.89,416020
375.096484375,8140,5845.361181640625,20.72,416146,0.001,5559,-25.051495659999997,74,0.89,416040
381.7108489990234,8144,4741.831997680664,20.92,416190,0.001,5579,-25.25992099,74,0.89,416080
378.13746337890626,8148,5742.131384277343,20.05,416222,0.001,5590,-24.443941310000003,74,0.9,416120
383.5154663085938,8152,3977.338726806641,20.14,416271,0.001,5610,-23.91200395,74,0.9,416160
379.4382629394531,8156,6122.236901855469,19.11,416296,0.001,5620,-19.779652289999998,74,0.91,416180
371.60167541503904,8160,7908.4780548095705,18.54,416360,0.001,5639,-20.81582457,73,0.92,416240
373.60069885253904,8164,6012.3861633300785,18.46,416389,0.001,5655,-20.402668030000008,73,0.92,416280
377.75058898925784,8168,4760.084637451172,18.83,416487,0.001,5689,-21.777695180000002,73,0.92,416380
377.22142028808594,8172,5723.837994384766,17.31,416555,0.001,5718,-19.108675820000002,72,0.94,416440
372.46967163085935,8176,5991.553038024902,17.92,416652,0.001,5749,-19.623056620000003,72,0.94,416540
369.5572052001953,8180,6993.987384033203,18.65,416761,0.001,5793,-20.76657317,71,0.94,416660
374.8405364990234,8184,6642.320907592773,18.51,416789,0.001,5815,-21.05821207,71,0.94,416680
384.59642639160154,8188,4230.70544128418,18.38,416809,0.001,5839,-20.525613469999993,71,0.94,416700
379.02069396972655,8192,6122.285589599609,19.08,416926,0.001,5880,-24.52261849,70,0.93,416820
379.0718963623047,8196,5837.284747314453,18.19,416965,0.001,5892,-22.007241930000006,70,0.94,416860
370.2520416259766,8200,7100.173675537109,17.06,417010,0.001,5912,-20.0286362,70,0.95,416900
375.1422454833984,8204,6155.3689453125,17.04,417033,0.001,5927,-20.252487329999997,70,0.95,416920
378.7728576660156,8208,4784.285830688476,17.06,417071,0.001,5942,-20.3426235,70,0.95,416960
376.16242065429685,8212,6039.604638671875,17.96,417208,0.001,5989,-21.21975931,69,0.94,417100
373.72276000976564,8216,7426.633813476563,16.89,417240,0.001,6015,-16.61016997,69,0.95,417120
377.9382781982422,8220,7404.05615234375,16.94,417365,0.001,6056,-16.071032919999997,68,0.94,417260
379.14552612304686,8224,5041.964074707032,17.01,417502,0.001,6099,-20.324759089999997,68,0.94,417400
379.6606170654297,8228,5045.918933105469,16.19,417648,0.001,6135,-16.878390829999997,68,0.95,417540
382.9612518310547,8232,4952.445761108398,16.05,417682,0.001,6151,-16.80295109,67,0.95,417580
378.3701599121094,8236,7672.305584716797,17.39,417860,0.001,6196,-18.788126180000003,67,0.94,417740
372.4091491699219,8240,6842.218835449219,17.51,417897,0.001,6217,-18.915009689999998,67,0.94,417780
376.9278228759766,8244,5972.344989013672,19.31,418121,0.001,6280,-19.959776459999997,66,0.92,418020
381.1091796875,8248,6031.207803344727,21.15,418337,0.001,6330,-25.78078202,66,0.9,418220
380.4847076416016,8252,6843.809118652343,21.11,418382,0.001,6371,-25.909819549999998,65,0.9,418280
378.3911102294922,8256,4717.115667724609,21.19,418415,0.001,6388,-26.03388909,65,0.9,418300
376.84804382324216,8260,6566.0123840332035,21.81,418541,0.001,6425,-25.128641039999998,65,0.89,418440
381.1228424072266,8264,5997.099172973632,21.83,418572,0.001,6445,-25.5763209,64,0.89,418460
378.64520874023435,8268,5987.968249511719,21.36,418623,0.001,6466,-25.194416509999996,64,0.89,418520
383.0135925292969,8272,5844.28141784668,21.02,418657,0.001,6481,-24.642796559999997,64,0.89,418540
383.5356140136719,8276,6864.214419555664,22.21,418873,0.001,6542,-29.929343900000003,64,0.87,418760
385.8873992919922,8280,5630.360186767578,22.4,419001,0.001,6592,-29.711150600000007,63,0.86,418900
379.68414916992185,8284,5858.72060546875,22.33,419022,0.001,6613,-29.37288482000001,63,0.86,418920
378.4110443115234,8288,7376.182385253906,22.74,419083,0.001,6644,-29.992384199999996,63,0.86,418980
382.6448089599609,8292,4757.832574462891,21.86,419112,0.001,6662,-26.71940826,62,0.87,419000
380.3797607421875,8296,5730.524444580078,21.79,419144,0.001,6684,-26.223889539999995,62,0.87,419040
382.9466125488281,8300,5503.132897949219,22.53,419263,0.001,6724,-26.169388910000002,62,0.86,419160
380.189794921875,8304,5645.130224609375,22.86,419319,0.001,6740,-27.178122090000002,62,0.86,419200
378.5482543945312,8308,5527.38032836914,23.12,419383,0.001,6767,-27.314461390000005,61,0.86,419280
379.3093780517578,8312,5514.168286132813,22.98,419506,0.001,6794,-31.238110659999993,61,0.86,419400
377.29259338378904,8316,5873.8372253417965,23.04,419544,0.001,6807,-31.32429906000001,61,0.86,419440
383.6831481933594,8320,7244.0953918457035,23.09,419674,0.001,6839,-36.22668703,61,0.86,419560
379.39118041992185,8324,7131.905969238282,23.0,419802,0.001,6879,-33.338486,61,0.86,419700
381.79766845703125,8328,8263.875653076171,22.8,419928,0.001,6912,-30.90490297,60,0.86,419820
383.7195709228516,8332,5020.299411010742,23.64,420046,0.001,6955,-31.29890652,60,0.85,419940
377.06744689941405,8336,5320.773870849609,22.29,420089,0.001,6977,-29.75950796,60,0.86,419980
378.0411407470703,8340,6638.926037597656,23.2,420217,0.001,7010,-30.642091720000003,59,0.85,420100
376.8141174316406,8344,7460.090490722656,21.13,420234,0.001,7018,-29.23786115,59,0.87,420120
379.48113403320315,8348,6758.004260253906,19.42,420279,0.001,7032,-23.963141859999997,59,0.89,420160
376.52423706054685,8352,6064.2191711425785,21.1,420492,0.001,7087,-29.173456419999994,59,0.87,420380
375.47901611328126,8356,7432.370031738281,21.85,420600,0.001,7130,-30.417313900000003,58,0.87,420480
378.9906951904297,8360,6183.447314453125,21.09,420650,0.001,7152,-30.416773509999995,58,0.88,420540
375.76287841796875,8364,6940.705514526368,22.03,420775,0.001,7182,-30.578083000000003,58,0.87,420660
377.50669250488284,8368,5978.878912353515,22.76,420899,0.001,7214,-32.05822183,58,0.86,420780
378.9002746582031,8372,4618.475622558593,24.53,421110,0.001,7282,-33.97112744,57,0.85,421000
378.3501373291016,8376,5570.608114624023,23.66,421239,0.001,7315,-29.150861699999997,57,0.86,421120
381.1750793457031,8380,7945.283538818359,22.75,421276,0.001,7328,-28.883733149999994,57,0.87,421160
379.5779144287109,8384,6241.982974243164,23.69,421391,0.001,7390,-33.89630717999999,57,0.86,421280
376.8073699951172,8388,6148.70888671875,24.32,421515,0.001,7414,-34.63754545999999,56,0.85,421400
377.58762817382814,8392,5411.9623352050785,24.27,421539,0.001,7423,-33.8647308,56,0.85,421420
378.7915985107422,8396,5948.141513061523,24.29,421573,0.001,7447,-34.79266188,56,0.85,421460
377.3020904541016,8400,6430.956808471679,24.46,421709,0.001,7494,-38.526225620000005,56,0.85,421600
382.1705841064453,8404,5698.550485229493,26.96,422015,0.001,7580,-45.59675484,55,0.82,421900
379.2622802734375,8408,6088.603851318359,27.54,422137,0.001,7615,-48.455557760000005,55,0.81,422020
380.9091461181641,8412,7238.087762451172,27.74,422280,0.001,7651,-45.4016302,55,0.81,422160
380.25181884765624,8416,6441.327981567383,28.59,422403,0.001,7687,-50.39834438,54,0.8,422300
376.71722412109375,8420,6292.35634765625,28.6,422534,0.001,7738,-45.35937763,54,0.8,422420
378.96910400390624,8424,5790.245498657227,29.47,422749,0.001,7794,-45.14232581,54,0.79,422640
378.147412109375,8428,6926.08451538086,31.26,423054,0.001,7862,-56.22464700000001,53,0.77,422940
378.3386505126953,8432,4702.313589477539,30.43,423089,0.001,7885,-55.92047192,53,0.78,422980
374.76145629882814,8436,5508.026528930664,31.35,423224,0.001,7921,-56.476556009999996,53,0.77,423120
378.98890380859376,8440,6863.434246826172,31.34,423351,0.001,7963,-56.4560905,53,0.77,423240
378.5636840820313,8444,6419.397265625,31.68,423402,0.001,7990,-56.92810685000001,52,0.77,423300
377.8611663818359,8448,6266.258392333984,31.61,423440,0.001,8005,-56.863681619999994,52,0.77,423320
372.6706176757813,8452,8443.511560058594,30.34,423526,0.001,8029,-53.34537997999999,52,0.79,423420
380.64270935058596,8456,4444.740087890625,29.56,423556,0.001,8049,-52.007464600000006,52,0.79,423440
381.4224456787109,8460,4860.8723419189455,30.38,423688,0.001,8087,-52.70525138,52,0.78,423580
376.04876403808595,8464,6150.719250488281,29.44,423719,0.001,8098,-52.60411708999999,52,0.79,423600
375.22890625,8468,6503.540417480469,29.51,423850,0.001,8140,-51.283817,52,0.79,423740
382.4258514404297,8472,5270.143707275391,27.93,423903,0.001,8164,-49.32850325999999,51,0.8,423800
382.9354522705078,8476,6091.878018188477,27.74,424013,0.001,8187,-50.69776841000001,51,0.8,423900
373.6537567138672,8480,6557.382357788086,29.93,424269,0.001,8248,-55.86670362999999,51,0.78,424160
379.9325836181641,8484,5206.866711425781,29.1,424301,0.001,8257,-50.805834130000015,51,0.79,424200
380.43865661621095,8488,6750.054718017578,28.27,424342,0.001,8272,-50.27715631,51,0.8,424240
381.9652465820312,8492,4903.980545043945,29.3,424469,0.001,8321,-51.118620699999994,51,0.79,424360
380.80750427246096,8496,6278.531799316406,29.25,424498,0.001,8337,-50.46313461999999,50,0.79,424380
377.4488067626953,8500,6544.0598815917965,29.29,424638,0.001,8384,-47.43603805,50,0.8,424520
378.6192138671875,8504,7327.59826965332,26.56,424671,0.001,8396,-39.47648196,50,0.83,424560
373.0380889892578,8508,6413.891162109375,25.82,424719,0.001,8420,-36.940338180000005,50,0.84,424600
379.3227478027344,8512,5025.753414916992,26.03,424883,0.001,8469,-36.01809854,50,0.84,424780
375.8301696777344,8516,5561.81616821289,26.1,425013,0.001,8517,-32.410190889999996,49,0.84,424900
379.0841430664062,8520,6946.528155517578,25.0,425034,0.001,8529,-31.848440859999997,49,0.85,424920
378.57301940917966,8524,5670.553985595703,23.94,425143,0.001,8572,-31.05682786,49,0.87,425040
373.7762878417969,8528,6812.014544677734,22.18,425272,0.001,8607,-20.084963839999997,49,0.89,425160
388.7225799560547,8532,4877.386190795898,23.07,425396,0.001,8635,-24.95025076,49,0.88,425280
380.74070739746094,8536,5413.123312377929,22.84,425508,0.001,8671,-24.52618773,49,0.88,425400
382.0034423828125,8540,7839.913684082031,21.86,425537,0.001,8689,-23.46642501,48,0.89,425420
381.42571411132815,8544,4728.291473388672,22.66,425668,0.001,8720,-23.80321534,48,0.88,425560
377.2203765869141,8548,5881.84379272461,23.37,425777,0.001,8759,-23.422411930000003,48,0.88,425660
379.2860534667969,8552,6268.691754150391,22.75,425801,0.001,8774,-21.63674493,48,0.88,425700
378.4279541015625,8556,6481.510415649414,24.88,426044,0.001,8833,-24.439441029999998,48,0.86,425940
380.9156524658203,8560,7234.153576660156,24.41,426129,0.001,8868,-24.108228860000004,48,0.87,426020
381.8129089355469,8564,6083.057025146484,25.28,426247,0.001,8904,-23.800280470000004,47,0.87,426140
383.6752593994141,8568,5388.387023925781,24.58,426308,0.001,8922,-24.707728579999994,47,0.88,426200
380.33241271972656,8572,5957.0240478515625,25.22,426425,0.001,8948,-29.225914370000005,47,0.87,426320
380.5566040039063,8576,6209.525299072266,24.43,426456,0.001,8966,-27.181915900000003,47,0.88,426340
379.09996643066404,8580,6319.150238037109,22.45,426514,0.001,8984,-23.369233489999996,47,0.9,426400
376.5255187988281,8584,7356.200622558594,23.3,426631,0.001,9011,-25.35693434,47,0.9,426520
375.0961669921875,8588,7386.542047119141,24.17,426759,0.001,9063,-27.34976778,47,0.89,426640
377.9254547119141,8592,6465.032238769531,23.17,426786,0.001,9078,-26.651870919999997,47,0.9,426680
378.1702911376953,8596,7504.438195800782,23.56,426854,0.001,9113,-27.324218780000002,46,0.9,426740
378.7584991455078,8600,5583.327172851563,22.73,426911,0.001,9136,-27.049795230000004,46,0.9,426800
379.60724182128905,8604,5417.4751953125,23.52,427023,0.001,9158,-31.85388984,46,0.89,426920
380.7293243408203,8608,7960.194885253906,26.08,427327,0.001,9247,-33.93546397000001,46,0.86,427220
380.4817687988281,8612,7231.612075805664,25.86,427469,0.001,9285,-33.491967640000006,46,0.86,427360
374.6095367431641,8616,7707.586389160157,24.76,427489,0.001,9298,-31.42584161,45,0.87,427380
380.70091247558594,8620,7556.8441162109375,24.91,427525,0.001,9319,-32.2820698,45,0.87,427420
381.7841430664063,8624,5837.035305786133,26.02,427745,0.001,9384,-32.53792801,45,0.85,427640
382.7692626953125,8628,7385.1111511230465,25.92,427864,0.001,9426,-32.42364204999999,45,0.85,427760
376.4231658935547,8632,6361.819134521485,25.26,427922,0.001,9450,-28.123693610000004,45,0.86,427820
381.48004760742185,8636,5500.515005493164,24.58,427966,0.001,9464,-28.313748399999998,45,0.87,427860
380.0127655029297,8640,6031.24260559082,25.66,428103,0.001,9508,-31.333353980000002,45,0.86,428000
381.5629516601563,8644,5598.104083251953,24.85,428153,0.001,9539,-31.857193150000004,44,0.87,428040
386.0667388916016,8648,5115.756063842773,24.1,428187,0.001,9559,-31.774051150000002,44,0.87,428080
380.22361755371094,8652,7365.14282836914,25.17,428318,0.001,9614,-32.61309939,44,0.86,428200
378.3921325683594,8656,6133.880200195313,23.1,428354,0.001,9624,-30.347400679999996,44,0.88,428240
379.90805969238284,8660,6980.841323852539,24.42,428571,0.001,9677,-31.416215720000004,44,0.86,428460
375.4172393798828,8664,8060.696612548828,23.91,428638,0.001,9704,-32.605650870000005,44,0.86,428520
378.9275177001953,8668,7158.272119140625,24.51,428759,0.001,9744,-30.752264300000007,44,0.85,428640
376.56886901855466,8672,6309.367468261718,24.69,428894,0.001,9775,-31.220733029999998,43,0.85,428780
379.38865051269534,8676,7399.517236328125,26.2,429076,0.001,9827,-35.11885963,43,0.84,428960
380.68138122558594,8680,6434.3986328125,27.81,429295,0.001,9878,-38.02048592,43,0.82,429180
379.9530487060547,8684,6384.14623413086,26.93,429324,0.001,9887,-36.5030135,43,0.82,429220
376.23768920898436,8688,6646.3111022949215,25.99,429358,0.001,9898,-34.1463093,43,0.83,429240
377.99805908203126,8692,7408.961083984375,26.9,429476,0.001,9935,-38.518526730000005,43,0.82,429360
377.72263793945314,8696,6961.370745849609,26.69,429523,0.001,9960,-38.21637202,43,0.82,429420
379.2919403076172,8700,6164.4952941894535,27.32,429643,0.001,10016,-40.00083888,42,0.81,429540
384.8791748046875,8704,6296.840844726563,26.48,429671,0.001,10029,-35.13831211,42,0.82,429560
377.2351531982422,8708,6297.0173065185545,24.63,429790,0.001,10057,-34.07124093,42,0.84,429680
379.93482666015626,8712,6613.096829223633,23.83,429852,0.001,10078,-33.578787760000004,42,0.85,429740
378.5304382324219,8716,6230.883990478515,24.91,429980,0.001,10127,-34.70043245,42,0.84,429860
380.64325256347655,8720,5675.583090209961,26.84,430209,0.001,10182,-36.11341665,42,0.82,430100
384.3187316894531,8724,4911.079486083984,24.95,430240,0.001,10195,-34.99717948999999,42,0.84,430120
384.06664123535154,8728,6816.312329101563,25.19,430383,0.001,10232,-35.32099016,42,0.84,430280
378.02199096679686,8732,6336.549829101563,25.87,430509,0.001,10263,-35.18759944000001,41,0.83,430400
389.04563293457034,8736,5409.485586547851,25.86,430552,0.001,10282,-34.603561559999996,41,0.83,430440
381.1781829833984,8740,6394.215441894531,25.76,430679,0.001,10319,-32.99856276,41,0.83,430560
382.73195495605466,8744,5921.181076049805,25.85,430738,0.001,10335,-32.59991065,41,0.83,430620
375.4639038085937,8748,7982.827221679688,26.88,430875,0.001,10379,-33.50876345,41,0.82,430760
381.6373229980469,8752,5552.980657958984,26.81,430999,0.001,10421,-33.53971934,41,0.82,430880
383.6752471923828,8756,5786.381021118164,26.71,431025,0.001,10432,-33.33408856,41,0.82,430920
384.3413848876953,8760,5522.228955078125,25.55,431126,0.001,10467,-32.514996679999996,41,0.84,431020
380.47804565429686,8764,7340.144134521484,26.16,431254,0.001,10497,-31.97017694,41,0.83,431140
381.73968811035155,8768,6914.822241210937,27.22,431481,0.001,10560,-40.28495669,40,0.82,431380
384.8646514892578,8772,6350.590563964844,27.08,431602,0.001,10597,-36.92866692,40,0.82,431500
383.8102081298828,8776,4671.2847900390625,26.6,431736,0.001,10626,-35.66490166999999,40,0.82,431620
389.6222442626953,8780,6479.685775756836,24.82,431777,0.001,10641,-31.377263560000003,40,0.84,431660
378.89415588378904,8784,8098.091412353516,25.92,431916,0.001,10684,-32.70624218,40,0.83,431800
378.23118896484374,8788,7615.640844726562,25.98,431956,0.001,10736,-32.713038520000005,40,0.83,431840
385.8783721923828,8792,6010.698071289063,26.99,432175,0.001,10801,-34.960474299999994,40,0.82,432060
378.24224853515625,8796,8040.669827270508,27.73,432296,0.001,10840,-36.539048359999995,39,0.81,432180
382.893212890625,8800,6621.680987548828,27.15,432358,0.001,10862,-35.57206890999999,39,0.82,432240
380.22796325683595,8804,7357.342779541015,27.93,432464,0.001,10894,-37.65789984999999,39,0.82,432360
381.73387145996094,8808,6068.656057739257,27.17,432507,0.001,10913,-36.6371094,39,0.83,432400
381.61240539550784,8812,6675.787414550781,26.78,432530,0.001,10934,-37.08149546,39,0.83,432420
384.9176086425781,8816,5985.524194335938,26.74,432654,0.001,10966,-37.9375592,39,0.83,432540
385.2884460449219,8820,6346.6781555175785,25.1,432719,0.001,10994,-36.06560886,39,0.85,432600
385.18340759277345,8824,5587.445306396485,25.24,432764,0.001,11026,-36.47558794,39,0.85,432660
386.3274688720703,8828,5421.070971679687,24.08,432791,0.001,11040,-35.97069299,39,0.86,432680
384.3711700439453,8832,7113.612139892578,23.06,432815,0.001,11060,-35.196369870000005,39,0.87,432700
377.5975646972656,8836,9367.509399414062,23.83,432935,0.001,11096,-36.83539212,39,0.87,432820
386.61317443847656,8840,5832.565759277344,23.72,433051,0.001,11130,-35.917549969999996,38,0.88,432940
383.9080078125,8844,5476.824182128907,24.28,433166,0.001,11165,-38.07195274000001,38,0.87,433060
384.8984313964844,8848,6692.087170410156,23.22,433197,0.001,11187,-37.54682096000001,38,0.88,433080
385.8744781494141,8852,6086.102508544922,22.28,433227,0.001,11220,-36.89091386,38,0.89,433120
381.08083190917966,8856,6311.167874145508,22.28,433253,0.001,11232,-36.710101089999995,38,0.89,433140
387.1444793701172,8860,6011.000408935547,22.96,433422,0.001,11285,-37.215613229999995,38,0.88,433320
383.3666046142578,8864,6662.280725097657,22.17,433471,0.001,11305,-36.78054885,38,0.89,433360
386.0528900146484,8868,5866.618615722657,22.0,433681,0.001,11352,-32.16184833,38,0.9,433580
389.52357788085936,8872,5243.164495849609,22.76,433878,0.001,11404,-35.08535612,38,0.9,433760
384.2129425048828,8876,7129.577014160156,21.78,433914,0.001,11420,-32.99021437,37,0.91,433800
384.0479370117188,8880,6226.498748779297,21.64,433941,0.001,11452,-32.83018911999999,37,0.91,433840
385.12535705566404,8884,6373.058862304688,21.15,434031,0.001,11483,-31.226707639999994,37,0.92,433920
384.39198913574216,8888,8264.617834472656,23.82,434338,0.001,11558,-36.30658624999999,37,0.89,434220
388.8964447021484,8892,6845.657482910156,22.54,434429,0.001,11585,-30.605483829999997,37,0.91,434320
379.81804809570315,8896,7642.149468994141,21.72,434468,0.001,11605,-28.55250892,37,0.92,434360
379.94080505371096,8900,6193.489898681641,22.34,434592,0.001,11649,-30.26563909,37,0.91,434480
384.3869293212891,8904,6779.6848815917965,21.69,434633,0.001,11671,-28.71862603,37,0.91,434520
387.3507141113281,8908,3831.055322265625,22.47,434754,0.001,11715,-28.970718520000002,37,0.9,434640
383.78943786621096,8912,6447.255517578125,22.59,434789,0.001,11728,-28.737261270000005,37,0.9,434680
385.5157958984375,8916,5950.703973388672,21.91,434845,0.001,11757,-27.500809160000003,36,0.91,434740
387.4183624267578,8920,5373.344821166992,22.6,434979,0.001,11806,-28.120861450000003,36,0.9,434860
388.0353149414062,8924,5959.026873779297,22.73,435037,0.001,11838,-28.003190160000003,36,0.9,434920
386.6164520263672,8928,5813.741516113281,24.62,435253,0.001,11892,-28.522861479999996,36,0.88,435140
389.1783782958984,8932,6901.961853027344,24.83,435298,0.001,11907,-29.521046190000003,36,0.88,435180
390.3345123291016,8936,5233.061437988281,24.01,435336,0.001,11924,-28.51245709000001,36,0.88,435220
384.9779327392578,8940,5719.28589477539,24.14,435465,0.001,11965,-29.440446510000005,36,0.87,435360
385.0333587646484,8944,7133.53150024414,25.13,435679,0.001,12027,-30.710292780000003,36,0.86,435560
385.1642242431641,8948,6184.581033325196,25.08,435705,0.001,12050,-30.969006930000006,36,0.86,435600
387.6551544189453,8952,6448.225170898438,26.01,435828,0.001,12099,-32.002885590000005,36,0.85,435720
388.06720275878905,8956,5143.261178588868,26.09,435862,0.001,12131,-31.98571304000001,35,0.85,435760
385.452001953125,8960,7149.2149658203125,26.54,436076,0.001,12207,-35.32556782,35,0.84,435960
386.6136535644531,8964,4798.694317626953,28.23,436294,0.001,12256,-41.35675594000001,35,0.82,436180
391.8207214355469,8968,6364.778576660156,27.35,436416,0.001,12295,-41.791840790000016,35,0.82,436300
386.05402221679685,8972,6210.372155761719,26.64,436542,0.001,12336,-41.18729263,35,0.82,436440
385.8168701171875,8976,5919.770208740234,26.94,436608,0.001,12359,-40.68095105999999,35,0.82,436500
387.49005737304685,8980,6188.279272460937,28.81,436822,0.001,12422,-44.928142239999985,35,0.81,436720
388.40972900390625,8984,7389.894018554687,28.5,436881,0.001,12442,-45.55376233999999,35,0.81,436780
387.29835510253906,8988,5743.2597381591795,27.74,437112,0.001,12517,-45.02753428,34,0.82,437000
384.08985900878906,8992,7458.30366821289,28.13,437242,0.001,12558,-45.592548189999995,34,0.81,437140
393.1167449951172,8996,5530.047595214844,28.1,437278,0.001,12573,-45.54808984,34,0.81,437160
384.43040161132814,9000,8260.95693359375,28.13,437405,0.001,12614,-45.65974800000001,34,0.82,437300
385.67071838378905,9004,6253.0174011230465,28.09,437442,0.001,12636,-45.24334917,34,0.82,437340
379.40382385253906,9008,6640.508483886719,27.32,437486,0.001,12670,-44.15351064000001,34,0.83,437380
386.2303466796875,9012,5372.055120849609,29.23,437712,0.001,12739,-52.93830523,34,0.81,437600
396.3869934082031,9016,6545.685430908203,29.1,437755,0.001,12758,-53.08217544,34,0.81,437640
386.2866516113281,9020,7038.103680419922,28.06,437785,0.001,12769,-52.04201682,34,0.82,437680
384.0100891113281,9024,6982.4908203125,28.72,437909,0.001,12801,-56.565624359999994,34,0.81,437800
387.2520690917969,9028,5357.7453887939455,27.83,438036,0.001,12837,-56.083853309999995,34,0.82,437920
383.7086639404297,9032,7418.488842773438,28.69,438167,0.001,12878,-58.58005255,34,0.81,438060
387.84727783203124,9036,6959.81810913086,28.63,438199,0.001,12911,-57.95125747,33,0.81,438080
387.5067596435547,9040,6578.418255615235,27.63,438228,0.001,12929,-56.615556579999996,33,0.82,438120
387.65342102050784,9044,5679.9333984375,26.88,438367,0.001,12975,-57.22770153999999,33,0.83,438260
387.63428649902346,9048,6584.302182006836,27.78,438483,0.001,13003,-61.74155443000001,33,0.82,438380
379.27428283691404,9052,8319.639782714843,27.01,438529,0.001,13023,-60.43607997000001,33,0.83,438420
389.1665832519531,9056,6259.493078613281,28.15,438677,0.001,13070,-62.27161934,33,0.82,438560
393.0269714355469,9060,5420.775131225586,26.39,438715,0.001,13089,-57.58867444000001,33,0.84,438600
381.4864227294922,9064,6950.8421875,26.37,438931,0.001,13143,-59.169988630000006,33,0.84,438820
388.26600036621096,9068,6157.900775146484,26.46,439062,0.001,13171,-56.854946959999985,33,0.84,438960
384.2868377685547,9072,8457.49331665039,25.46,439088,0.001,13198,-52.92286832999999,33,0.85,438980
383.83856811523435,9076,8813.893063354491,25.06,439114,0.001,13224,-52.70627849,33,0.85,439000
384.3850555419922,9080,8153.9147277832035,23.4,439162,0.001,13243,-49.148689759999996,33,0.86,439060
387.5400665283203,9084,7190.860339355469,23.27,439208,0.001,13260,-49.02985517,33,0.86,439100
389.0968780517578,9088,6388.713293457031,21.28,439240,0.001,13289,-44.24738937,33,0.88,439120
386.3206085205078,9092,6291.041979980469,21.26,439368,0.001,13324,-43.906762,32,0.88,439260
388.0828918457031,9096,7265.49515991211,21.24,439402,0.001,13345,-44.14507850999999,32,0.88,439300
393.7993499755859,9100,4488.089581298828,20.42,439447,0.001,13368,-41.37040342,32,0.88,439340
385.4489471435547,9104,6923.809289550782,20.54,439496,0.001,13398,-41.75298768,32,0.88,439380
388.12485961914064,9108,6425.910968017578,21.27,439613,0.001,13449,-45.298006730000004,32,0.87,439500
387.24326477050784,9112,7402.951522827148,20.19,439731,0.001,13481,-41.67411282,32,0.88,439620
388.77479858398436,9116,6624.934985351562,20.2,439775,0.001,13497,-41.08922338,32,0.88,439660
391.54681701660155,9120,5251.80073852539,20.86,439871,0.001,13525,-41.47871572999998,32,0.88,439760
392.0045654296875,9124,7560.836218261718,20.22,439931,0.001,13555,-36.68964107,32,0.89,439820
385.0446075439453,9128,8482.900537109375,19.28,439964,0.001,13566,-36.37974111,32,0.9,439860
387.27402648925784,9132,6951.831848144531,20.14,440181,0.001,13632,-36.28040300000001,32,0.89,440080
382.90362854003905,9136,7520.225134277343,22.0,440399,0.001,13695,-37.38704001000001,32,0.87,440280
386.5441162109375,9140,6700.210864257812,22.98,440526,0.001,13732,-38.569001899999996,32,0.86,440420
388.09588012695315,9144,6610.670220947266,23.49,440716,0.001,13800,-41.29672732,31,0.86,440600
389.22491760253905,9148,5977.591827392578,22.57,440740,0.001,13816,-36.234767000000005,31,0.87,440620
384.5705169677734,9152,6573.292224121094,23.24,440853,0.001,13858,-37.147644510000006,31,0.86,440740
383.3404113769531,9156,8417.677416992188,23.08,440985,0.001,13908,-38.86094148,31,0.86,440880
387.6530487060547,9160,5961.352453613281,24.84,441199,0.001,13951,-48.21112414,31,0.84,441080
396.6459594726563,9164,5213.05266418457,23.97,441328,0.001,13996,-41.41316241,31,0.85,441220
397.8197357177734,9168,6273.745806884765,23.22,441384,0.001,14019,-40.24948921,31,0.86,441280
390.7499969482422,9172,8924.073962402344,23.25,441413,0.001,14040,-39.75432447,31,0.86,441300
389.83896484375,9176,8687.3854095459,25.12,441626,0.001,14091,-44.698231390000004,31,0.84,441520
387.46556396484374,9180,7203.578259277344,27.37,441899,0.001,14162,-50.235164399999995,31,0.82,441780
385.31907958984374,9184,5947.0048156738285,28.08,442016,0.001,14209,-50.885599279999994,31,0.81,441900
384.8703369140625,9188,7866.57373046875,29.65,442205,0.001,14260,-56.33745733999999,31,0.8,442100
379.51012268066404,9192,7836.432641601563,30.25,442393,0.001,14306,-62.03800948000001,30,0.8,442280
386.9960083007812,9196,5689.123620605469,31.13,442515,0.001,14337,-63.77544468,30,0.79,442400
390.3669769287109,9200,6868.974237060547,32.88,442735,0.001,14394,-66.45186579,30,0.78,442620
379.44366760253905,9204,8254.141055297852,32.57,442753,0.001,14408,-65.7308509,30,0.78,442640
395.7911804199219,9208,5113.084057617188,32.54,442867,0.001,14453,-62.755134780000006,30,0.78,442760
395.56317138671875,9212,5568.5595703125,31.57,442888,0.001,14462,-57.32647428000001,30,0.79,442780
389.62953796386716,9216,8079.410778808594,32.43,443018,0.001,14505,-59.904199840000004,30,0.79,442900
388.3248657226562,9220,7185.138940429688,33.34,443205,0.001,14543,-67.1405399,30,0.78,443100
385.4654846191406,9224,6785.989151000977,33.32,443263,0.001,14562,-67.97103006000002,30,0.78,443160
391.1422058105469,9228,6824.115209960937,33.53,443317,0.001,14583,-68.82196289000001,30,0.78,443200
391.27548828125,9232,9142.643109130859,32.6,443441,0.001,14623,-67.02105151,30,0.79,443340
392.69622192382815,9236,6351.707254028321,32.87,443686,0.001,14702,-69.33028709,30,0.79,443580
391.5265869140625,9240,7654.11157836914,33.37,443863,0.001,14760,-69.45912102,30,0.79,443760
389.2082550048828,9244,7898.013803100586,33.61,444077,0.001,14801,-72.07794666,30,0.78,443960
395.83832092285155,9248,7230.377737426757,33.94,444134,0.001,14817,-72.88682084000001,29,0.78,444020
394.06003723144534,9252,4813.7902160644535,34.01,444254,0.001,14866,-74.80185766000001,29,0.78,444140
393.72691345214844,9256,4961.130410766602,33.86,444371,0.001,14907,-72.52277143,29,0.78,444260
393.1104278564453,9260,7446.98759765625,32.05,444404,0.001,14932,-63.491241450000004,29,0.8,444300
389.8763885498047,9264,9206.115686035157,33.31,444659,0.001,15004,-68.3467426,29,0.79,444540
391.6539794921875,9268,7719.311499023437,33.06,444690,0.001,15026,-67.54911446,29,0.79,444580
389.35431518554685,9272,8077.258972167969,33.04,444717,0.001,15048,-67.93359534999999,29,0.79,444600
394.59727478027344,9276,4922.313009643554,31.31,444757,0.001,15062,-63.662060359999984,29,0.81,444640
397.5499664306641,9280,6043.547106933594,29.38,444837,0.001,15094,-57.99673976000001,29,0.83,444720
393.4450622558594,9284,6708.296179199218,28.58,444874,0.001,15119,-57.13778375000001,29,0.84,444760
390.3673980712891,9288,7635.326733398438,27.35,444940,0.001,15143,-52.583052929999994,29,0.85,444820
394.3699005126953,9292,7614.395697021484,27.62,445155,0.001,15211,-47.914313269999994,29,0.85,445040
391.8124572753906,9296,7751.310064697265,27.62,445277,0.001,15248,-46.82369408,29,0.85,445160
394.02654418945315,9300,8890.296401977539,26.56,445391,0.001,15277,-48.31214556999999,29,0.85,445280
394.58269653320315,9304,7781.039022827148,27.01,445454,0.001,15300,-48.96273752,29,0.85,445340
396.73766174316404,9308,7476.051330566406,26.56,445523,0.001,15332,-49.88772427,29,0.86,445420
395.6727600097656,9312,7795.708520507813,27.59,445647,0.001,15368,-50.28528956,28,0.85,445540
391.1325256347656,9316,8474.294049072265,28.48,445866,0.001,15426,-54.034567589999995,28,0.83,445760
395.55731506347655,9320,6847.876605224609,26.87,445892,0.001,15462,-46.39503024999999,28,0.84,445780
392.83237915039064,9324,7941.2416717529295,27.14,445977,0.001,15492,-45.85017211999999,28,0.84,445860
397.6820495605469,9328,7497.100732421875,28.76,446193,0.001,15559,-49.12439969000001,28,0.82,446080
389.40972595214845,9332,7566.6103515625,28.37,446278,0.001,15579,-47.85558596,28,0.83,446160
401.49537048339846,9336,7275.314147949219,26.27,446313,0.001,15592,-44.60358356999999,28,0.85,446200
391.54847106933596,9340,6954.484588623047,25.73,446436,0.001,15617,-48.32579989,28,0.85,446320
396.0404418945312,9344,8378.46337890625,24.15,446492,0.001,15637,-39.23991831,28,0.87,446380
396.6756896972656,9348,8898.076977539062,24.92,446626,0.001,15681,-40.48055694000001,28,0.86,446520
393.4578155517578,9352,5728.518878173828,25.3,446784,0.001,15719,-44.31126073,28,0.86,446680
396.7268463134766,9356,8027.182501220703,26.36,447007,0.001,15778,-44.87221362,28,0.85,446900
392.806884765625,9360,8534.090222167968,27.3,447134,0.001,15812,-46.035048129999986,28,0.84,447020
395.3525421142578,9364,6629.0308837890625,25.07,447166,0.001,15836,-40.305757119999996,28,0.86,447060
396.9703704833984,9368,6559.162927246094,26.23,447313,0.001,15879,-42.49079874,28,0.85,447200
399.1540161132813,9372,7205.588439941406,27.1,447427,0.001,15929,-42.97770869,28,0.85,447320
393.3326019287109,9376,7618.6759765625,27.1,447467,0.001,15942,-42.50662527,28,0.85,447360
394.29234008789064,9380,7311.01859741211,26.56,447493,0.001,15957,-41.67250372,28,0.85,447380
393.9341552734375,9384,7169.08232421875,26.43,447517,0.001,15977,-41.563830210000006,28,0.85,447400
395.16564025878904,9388,6504.34211730957,26.02,447542,0.001,15988,-40.431625600000004,27,0.85,447440
397.7052825927734,9392,6137.4569091796875,25.08,447663,0.001,16020,-38.815464819999995,27,0.85,447560
394.94398498535156,9396,5657.79140625,25.09,447786,0.001,16058,-42.45486241,27,0.85,447680
394.94663391113284,9400,9720.604809570312,25.13,447904,0.001,16101,-38.259039189999996,27,0.85,447800
401.66253356933595,9404,7180.353515625,25.9,448044,0.001,16131,-38.063742479999995,27,0.84,447940
395.7977569580078,9408,7288.034454345703,26.63,448186,0.001,16176,-40.693492589999984,27,0.83,448080
403.47117004394534,9412,6668.054107666016,27.38,448385,0.001,16226,-41.87173999999999,27,0.83,448280
396.03652038574216,9416,9781.950561523438,27.37,448603,0.001,16279,-40.97008508,27,0.83,448500
399.06389770507815,9420,8135.725805664062,28.41,448733,0.001,16316,-45.07608341999999,27,0.82,448620
396.3304016113281,9424,8121.3613006591795,28.35,448812,0.001,16340,-46.462856699999996,27,0.82,448700
396.40647583007814,9428,7034.538220214844,26.57,448850,0.001,16362,-42.84960948999999,27,0.84,448740
399.90313720703125,9432,7214.061987304687,26.41,448919,0.001,16388,-44.09794336,27,0.84,448800
391.8593414306641,9436,8413.778424072265,27.11,449024,0.001,16413,-45.12444728,27,0.84,448920
400.21934204101564,9440,7391.712060546875,26.29,449065,0.001,16436,-41.063086479999996,27,0.85,448960
403.9804260253906,9444,7859.431286621094,26.94,449186,0.001,16466,-44.75692792999999,27,0.84,449080
404.82134399414065,9448,5525.670416259765,25.83,449209,0.001,16475,-42.790840870000004,27,0.85,449100
400.86924743652344,9452,7750.825012207031,25.44,449328,0.001,16507,-41.35791904,27,0.85,449220
402.6412872314453,9456,5280.491137695312,24.49,449456,0.001,16535,-41.30978175,27,0.86,449340
404.6066589355469,9460,6718.9430877685545,23.8,449514,0.001,16554,-40.22462041,27,0.87,449400
407.8216125488281,9464,7277.908917236328,23.99,449565,0.001,16579,-41.08256354,27,0.87,449460
401.8629943847656,9468,7203.428656005859,23.79,449692,0.001,16612,-39.707587600000004,27,0.87,449580
401.24876403808594,9472,7909.377490234375,23.12,449739,0.001,16628,-38.84339235,27,0.87,449620
403.6130432128906,9476,7220.463751220703,23.94,449861,0.001,16682,-43.88925442,26,0.86,449760
407.54176025390626,9480,8977.528625488281,25.55,450048,0.001,16723,-47.999260889999995,26,0.85,449940
399.4724365234375,9484,7677.969842529297,26.52,450169,0.001,16761,-52.01134405999999,26,0.84,450060
398.2478057861328,9488,8928.544012451172,28.5,450392,0.001,16827,-53.53281129000001,26,0.82,450280
398.3779571533203,9492,9423.23291015625,27.61,450424,0.001,16842,-53.12451496999999,26,0.83,450320
397.2625213623047,9496,7876.453939819336,27.71,450557,0.001,16902,-49.83782766,26,0.83,450440
402.25074462890626,9500,7713.545568847656,26.79,450583,0.001,16917,-49.17172215999999,26,0.84,450480
401.3314605712891,9504,7820.018151855469,28.46,450890,0.001,16990,-59.09718773,26,0.82,450780
408.6443389892578,9508,8127.973828125,27.3,450916,0.001,17010,-55.14309029000001,26,0.83,450800
401.4974426269531,9512,6891.619458007813,26.12,450997,0.001,17040,-56.49822412,26,0.84,450880
408.1480224609375,9516,8491.98973388672,25.19,451122,0.001,17071,-51.59508688999999,26,0.86,451020
406.40924377441405,9520,6152.604006958008,24.4,451173,0.001,17100,-47.64407537000001,26,0.87,451060
406.72556762695314,9524,8166.202450561524,23.93,451205,0.001,17121,-45.83766712000001,26,0.87,451100
399.9983856201172,9528,8462.745568847657,23.79,451229,0.001,17137,-45.43253756,26,0.87,451120
406.0694091796875,9532,6158.005639648438,23.48,451267,0.001,17175,-44.60175838999999,26,0.87,451160
402.6313903808594,9536,8837.992767333984,22.78,451302,0.001,17195,-43.41773494,26,0.87,451200
401.5590087890625,9540,7447.764199829102,24.47,451512,0.001,17244,-48.15020981000001,26,0.85,451400
410.98841247558596,9544,6734.17109375,24.6,451646,0.001,17286,-44.92341344999999,26,0.85,451540
407.5129150390625,9548,7949.412384033203,25.0,451709,0.001,17313,-45.96811396000001,26,0.85,451600
404.0960388183594,9552,7771.098138427735,24.36,451764,0.001,17336,-42.06305044,26,0.86,451660
402.04100036621094,9556,6644.007904052734,25.18,451974,0.001,17382,-42.57727674000001,26,0.85,451860
407.7369354248047,9560,7465.998541259765,25.79,452093,0.001,17419,-43.14461906,25,0.84,451980
406.99903259277346,9564,8328.507556152344,25.71,452136,0.001,17439,-43.22812729,25,0.84,452020
404.4764129638672,9568,6929.207678222656,24.93,452185,0.001,17454,-42.30881802,25,0.85,452080
409.9501678466797,9572,8679.747119140626,24.79,452218,0.001,17471,-42.13321143,25,0.85,452100
405.5886505126953,9576,8083.375231933594,24.44,452305,0.001,17507,-37.99189267,25,0.86,452200
402.6327178955078,9580,6852.367556762695,23.09,452357,0.001,17528,-34.33571267,25,0.87,452240
405.2671844482422,9584,7355.955065917969,22.29,452398,0.001,17553,-30.614280190000002,25,0.88,452280
401.2974456787109,9588,9432.217907714843,20.59,452451,0.001,17579,-30.034912679999998,25,0.9,452340
404.77931823730466,9592,6914.166598510742,21.54,452578,0.001,17620,-30.971759989999995,25,0.89,452460
404.47324523925784,9596,8631.341467285156,21.69,452726,0.001,17673,-34.22279061,25,0.89,452620
413.9424530029297,9600,7603.541424560547,22.4,452823,0.001,17701,-34.92598792,25,0.89,452720
402.87696838378906,9604,8070.51838684082,19.74,452864,0.001,17723,-25.081210509999995,25,0.92,452760
404.66945190429686,9608,8037.8150634765625,20.77,452993,0.001,17760,-25.488251949999995,25,0.91,452880
404.37694091796874,9612,9439.938134765625,22.05,453202,0.001,17805,-28.479304819999996,25,0.89,453100
409.3211242675781,9616,7245.063562011719,22.1,453332,0.001,17854,-33.36898153,25,0.88,453220
405.8061981201172,9620,7347.910708618164,23.47,453520,0.001,17910,-39.07453923,25,0.87,453400
406.75090942382815,9624,10757.474188232422,24.28,453633,0.001,17947,-39.69555061,25,0.86,453520
407.9321624755859,9628,8675.318139648438,25.53,453782,0.001,17982,-44.53593659999999,25,0.85,453680
405.5565124511719,9632,7793.13493347168,25.58,453825,0.001,17996,-44.89591199,25,0.85,453720
409.8743530273438,9636,7516.937164306641,26.07,453909,0.001,18025,-44.69614299999999,25,0.85,453800
406.42319946289064,9640,6955.851293945312,24.19,453931,0.001,18033,-39.01466493,25,0.87,453820
411.0310424804687,9644,8299.6197265625,23.69,454015,0.001,18059,-39.685355869999995,25,0.88,453900
401.5444000244141,9648,10789.738220214844,23.36,454045,0.001,18077,-38.52156126,25,0.88,453940
410.6807830810547,9652,7035.8357421875,24.19,454183,0.001,18122,-43.0313861,25,0.87,454080
414.8736877441406,9656,6258.59775390625,22.43,454217,0.001,18141,-40.64376292,25,0.89,454100
409.8573699951172,9660,7269.807354736328,21.6,454253,0.001,18180,-39.68283412,24,0.9,454140
403.2633087158203,9664,7921.537225341797,23.85,454521,0.001,18261,-47.338976220000006,24,0.88,454420
412.79322204589846,9668,7151.976794433594,23.62,454547,0.001,18281,-47.03001172000001,24,0.88,454440
407.39105224609375,9672,9514.925634765625,24.61,454679,0.001,18319,-50.82473069,24,0.87,454560
406.9201995849609,9676,9696.405072021484,24.88,454793,0.001,18354,-51.5382878,24,0.86,454680
409.22702941894534,9680,7686.397787475586,25.62,454919,0.001,18395,-53.01297196,24,0.85,454800
411.5337890625,9684,6659.817712402344,25.43,454941,0.001,18414,-52.41115203000001,24,0.85,454840
411.7197662353516,9688,6935.5392395019535,25.38,454989,0.001,18434,-51.647543950000006,24,0.85,454880
409.75872192382815,9692,8483.000439453124,24.69,455047,0.001,18452,-50.622338309999996,24,0.86,454940
412.5029266357422,9696,8188.522802734375,24.68,455194,0.001,18504,-49.59641745999999,24,0.86,455080
417.3575012207031,9700,9582.067614746094,24.1,455233,0.001,18535,-49.32566371,24,0.86,455120
414.2154113769531,9704,5672.668792724609,24.92,455356,0.001,18585,-49.797182959999994,24,0.85,455240
412.39874267578125,9708,8754.29923095703,24.29,455422,0.001,18605,-50.13393333,24,0.86,455320
420.0364715576172,9712,6342.599795532226,23.78,455580,0.001,18640,-45.67079186,24,0.87,455460
414.2616790771484,9716,6807.415933227539,22.97,455629,0.001,18661,-41.35700725000001,24,0.88,455520
409.55096740722655,9720,8112.190563964844,21.33,455653,0.001,18675,-35.6909751,24,0.89,455540
412.56556701660156,9724,8594.724060058594,20.96,455729,0.001,18700,-35.15113125,24,0.9,455620
409.09300842285154,9728,7270.136193847657,19.68,455750,0.001,18719,-30.005425149999997,24,0.91,455640
412.5961181640625,9732,6707.6871337890625,20.43,455868,0.001,18761,-30.370984639999996,24,0.9,455760
408.53583068847655,9736,9308.482794189453,20.84,455993,0.001,18804,-31.114344189999997,24,0.89,455880
414.9396148681641,9740,7820.177905273437,21.32,456063,0.001,18833,-31.177998589999998,24,0.89,455960
410.9179748535156,9744,8552.438177490234,21.79,456194,0.001,18859,-29.9184614,24,0.88,456080
410.60760498046875,9748,8276.185192871093,22.67,456312,0.001,18905,-30.36819928,24,0.87,456200
412.7427459716797,9752,7895.8720703125,21.5,456333,0.001,18920,-24.683645739999996,24,0.88,456220
408.33379516601565,9756,7181.008410644531,23.3,456547,0.001,18974,-31.06480431,24,0.86,456440
402.82973327636716,9760,8012.479278564453,23.26,456579,0.001,18995,-30.876242069999993,24,0.86,456460
408.3378540039063,9764,9237.018322753906,21.01,456622,0.001,19020,-22.018508509999997,24,0.88,456520
410.3167419433594,9768,8901.306616210937,22.13,456760,0.001,19062,-26.425356139999998,23,0.87,456640
404.4306243896484,9772,9307.890454101562,21.03,456782,0.001,19071,-22.681276750000006,23,0.88,456680
410.24029541015625,9776,7945.550854492188,22.33,457026,0.001,19146,-28.45606616,23,0.87,456920
410.9204040527344,9780,8764.068005371093,21.73,457092,0.001,19168,-27.95362858,23,0.88,456980
407.69326171875,9784,7311.334942626953,21.77,457118,0.001,19195,-28.128669049999996,23,0.88,457000
412.2040588378906,9788,8629.744592285157,23.56,457345,0.001,19256,-38.14462055,23,0.86,457240
412.1129547119141,9792,8063.361468505859,23.29,457376,0.001,19272,-37.95412741,23,0.86,457260
416.47263488769534,9796,8429.769430541992,22.39,457433,0.001,19303,-35.12990635999999,23,0.87,457320
413.4380401611328,9800,10750.278479003906,22.46,457479,0.001,19324,-35.47953009,23,0.87,457360
413.27318420410154,9804,7821.702471923828,21.45,457501,0.001,19338,-34.268997840000004,23,0.88,457400
417.6066070556641,9808,7038.473815917969,21.3,457552,0.001,19372,-34.43228069,23,0.88,457440
417.64560852050784,9812,10272.541870117188,21.85,457765,0.001,19437,-38.20110031,23,0.87,457660
414.2013885498047,9816,8876.587762451172,22.35,457864,0.001,19480,-37.30306648,23,0.87,457760
413.09739074707034,9820,7267.735119628906,22.39,457892,0.001,19502,-37.519511740000006,23,0.87,457780
405.9306701660156,9824,9221.7705078125,22.13,457942,0.001,19522,-38.40152458,23,0.87,457840
414.6659912109375,9828,6993.30394897461,22.45,457995,0.001,19550,-39.159075099999995,23,0.87,457880
411.89142150878905,9832,8089.393713378906,22.68,458136,0.001,19583,-39.24163447,23,0.87,458020
414.52765502929685,9836,8102.425390625,22.62,458255,0.001,19616,-40.39704972,23,0.87,458140
413.8030700683594,9840,7170.043518066406,23.38,458401,0.001,19659,-46.22852347999999,23,0.86,458300
419.1150207519531,9844,7479.527487182617,23.49,458543,0.001,19704,-50.35060109,23,0.86,458440
413.79494018554686,9848,7169.295391845703,22.63,458575,0.001,19716,-50.10045302999999,23,0.87,458460
415.25270385742186,9852,8099.565911865235,22.75,458608,0.001,19737,-50.163461039999994,23,0.87,458500
414.16473083496095,9856,9142.023547363282,22.22,458769,0.001,19780,-47.22793505999999,23,0.88,458660
421.24578857421875,9860,6188.898089599609,23.22,458901,0.001,19819,-50.88336668,23,0.87,458800
416.105029296875,9864,8174.24248046875,24.88,459110,0.001,19873,-53.17280437,23,0.86,459000
414.79844665527344,9868,9147.570037841797,24.06,459166,0.001,19890,-49.13510948000001,23,0.87,459060
415.8118103027344,9872,11844.075128173828,25.08,459290,0.001,19931,-49.41977071,23,0.86,459180
417.30649719238284,9876,7954.56298828125,23.97,459423,0.001,19971,-43.149809430000005,23,0.87,459320
416.0681427001953,9880,9238.215124511718,23.66,459458,0.001,19984,-42.18303663999999,22,0.87,459340
421.6749603271484,9884,8833.053503417968,23.98,459516,0.001,20009,-43.27700916,22,0.87,459400
412.2688507080078,9888,9681.452819824219,23.96,459741,0.001,20062,-38.61735692,22,0.87,459640
418.1813903808594,9892,10048.02734375,24.9,459866,0.001,20091,-43.69517022,22,0.86,459760
425.48101501464845,9896,7080.87275390625,24.91,459924,0.001,20122,-43.62327132,22,0.86,459820
420.2677886962891,9900,7547.006823730469,24.82,459961,0.001,20152,-43.41718302,22,0.86,459860
421.3246795654297,9904,9378.894668579102,25.0,460001,0.001,20170,-43.70457307000001,22,0.86,459900
423.5552490234375,9908,9597.017211914062,24.77,460029,0.001,20197,-43.24521191000001,22,0.86,459920
414.2907012939453,9912,8124.695086669922,22.94,460059,0.001,20216,-38.28724209999999,22,0.88,459940
415.4201171875,9916,9405.4107421875,22.41,460105,0.001,20238,-38.55321420999999,22,0.88,460000
419.59722290039065,9920,7953.6791320800785,22.53,460145,0.001,20274,-38.458527839999995,22,0.88,460040
427.1462432861328,9924,7758.67958984375,24.41,460383,0.001,20363,-46.84232414,22,0.86,460280
421.3970001220703,9928,6705.802825927734,25.15,460510,0.001,20394,-47.02109637,22,0.85,460400
418.3814270019531,9932,7912.501763916016,24.3,460566,0.001,20424,-45.88731788999999,22,0.86,460460
416.7702941894531,9936,10796.664697265625,23.42,460597,0.001,20442,-44.356652489999995,22,0.87,460480
417.75001220703126,9940,9483.10057373047,22.39,460640,0.001,20464,-39.131650799999996,22,0.88,460520
419.5254241943359,9944,7169.206683349609,21.22,460665,0.001,20495,-34.306857529999995,22,0.89,460560
421.4424102783203,9948,6607.494329833984,22.29,460804,0.001,20535,-36.135660609999995,22,0.88,460700
421.58933410644534,9952,8841.968237304687,22.32,460840,0.001,20564,-36.1651492,22,0.88,460720
424.49786376953125,9956,7441.288739013672,21.0,460869,0.001,20581,-32.62572005000001,22,0.89,460760
425.1102630615234,9960,10760.965045166016,20.33,460934,0.001,20623,-29.33343071,22,0.9,460820
416.26813354492185,9964,8545.903930664062,19.32,461042,0.001,20675,-28.802999569999997,22,0.91,460940
418.3407806396484,9968,9385.086938476563,19.17,461083,0.001,20700,-29.0916481,22,0.91,460980
416.91245422363284,9972,8914.379571533203,18.25,461115,0.001,20716,-28.928174520000002,22,0.92,461000
411.6270446777344,9976,7862.647021484375,18.05,461228,0.001,20752,-28.613789540000003,22,0.93,461120
424.50250549316405,9980,9280.02724609375,19.03,461361,0.001,20809,-31.402986470000005,22,0.92,461260
423.7253082275391,9984,9302.642309570312,19.25,461441,0.001,20853,-32.046743090000014,22,0.92,461340
424.49700927734375,9988,8363.42039794922,17.33,461474,0.001,20866,-26.96833493,22,0.94,461360
421.43861999511716,9992,8098.085314941406,17.97,461663,0.001,20921,-29.694718839999997,22,0.94,461560
419.3232086181641,9996,8589.283972167968,17.68,461692,0.001,20931,-29.20809307,22,0.94,461580
426.0306365966797,10000,6253.254266357422,18.42,461803,0.001,20957,-31.782899720000003,22,0.93,461700
427.31947326660156,10004,9655.251159667969,19.21,461922,0.001,20983,-34.451883190000004,22,0.92,461820
426.9412048339844,10008,9630.548217773438,19.34,461963,0.001,21006,-34.10319967,21,0.92,461860
419.7382781982422,10012,10206.255407714843,19.41,462000,0.001,21032,-34.03262909,21,0.92,461880
426.9642669677734,10016,8608.098040771485,20.16,462121,0.001,21066,-35.611023149999994,21,0.91,462020
421.8118377685547,10020,8594.313110351562,21.24,462269,0.001,21102,-40.22141916,21,0.9,462160
420.77417907714846,10024,8919.844055175781,19.24,462307,0.001,21120,-31.369272870000003,21,0.92,462200
424.3256011962891,10028,9678.303759765626,19.21,462431,0.001,21150,-35.42447321,21,0.92,462320
422.77882995605466,10032,9068.15048828125,19.47,462513,0.001,21179,-36.599256020000006,21,0.92,462400
430.9694854736328,10036,7774.385681152344,19.48,462545,0.001,21195,-36.503994750000004,21,0.92,462440
423.4873382568359,10040,8717.319567871094,19.5,462590,0.001,21215,-36.49675469999999,21,0.92,462480
432.8148712158203,10044,7121.430993652344,19.85,462650,0.001,21246,-36.36575139,21,0.92,462540
424.6036804199219,10048,8424.551196289063,18.78,462682,0.001,21261,-34.70595497,21,0.93,462580
428.8832214355469,10052,7857.6100402832035,19.09,462749,0.001,21304,-35.65213749,21,0.93,462640
439.20847473144534,10056,7694.828411865235,19.22,462791,0.001,21319,-35.917790360000005,21,0.93,462680
429.9414398193359,10060,9145.034411621094,20.73,463007,0.001,21391,-36.503215430000004,21,0.91,462900
429.7511871337891,10064,7529.847326660156,19.88,463030,0.001,21405,-34.63496852,21,0.91,462920
425.1605743408203,10068,8483.516955566407,19.76,463059,0.001,21422,-33.9146175,21,0.91,462940
431.35908203125,10072,7719.859234619141,20.72,463187,0.001,21460,-34.26423586999999,21,0.9,463080
433.2418212890625,10076,6794.222320556641,20.58,463286,0.001,21497,-34.43853756,21,0.9,463180
430.84649658203125,10080,9692.135998535156,20.48,463409,0.001,21537,-33.63040919,21,0.9,463300
429.607177734375,10084,8156.830090332031,19.97,463438,0.001,21560,-32.05424499,21,0.9,463320
421.78367309570314,10088,10954.61471862793,20.78,463552,0.001,21602,-32.299805709999994,21,0.89,463440
427.30486755371095,10092,8283.580908203125,20.26,463689,0.001,21644,-29.87530568,21,0.89,463580
428.1013214111328,10096,10341.542358398438,21.19,463811,0.001,21680,-30.623126120000006,21,0.88,463700
430.2886535644531,10100,11534.318481445312,20.47,463850,0.001,21695,-28.048758130000007,21,0.89,463740
424.79697570800784,10104,8739.1702545166,20.6,463982,0.001,21727,-26.28021042,21,0.89,463880
432.1038787841797,10108,7305.532305908203,20.7,464033,0.001,21750,-26.34593562,21,0.89,463920
424.5217224121094,10112,9712.141833496094,21.54,464154,0.001,21790,-31.39161797,21,0.88,464040
423.71877136230466,10116,9694.064141845703,21.51,464272,0.001,21821,-34.45658032,21,0.88,464160
420.7353179931641,10120,7865.586508178711,20.24,464293,0.001,21871,-29.500178579999996,21,0.89,464180
421.39695434570314,10124,10103.5615234375,20.58,464365,0.001,21902,-30.98913701,21,0.89,464260
425.1310333251953,10128,11245.986419677734,20.54,464485,0.001,21934,-31.002084400000005,21,0.89,464380
428.2386535644531,10132,9126.974017333985,20.87,464600,0.001,21971,-30.237453079999995,21,0.88,464480
434.41164245605466,10136,8446.887316894532,20.98,464643,0.001,21994,-30.76761925,21,0.88,464540
434.347265625,10140,10940.974938964844,21.89,464779,0.001,22032,-30.917794699999995,21,0.87,464660
430.1872100830078,10144,11354.566729736329,21.6,464810,0.001,22055,-31.12541449999999,21,0.87,464700
432.9178894042969,10148,8481.221124267578,23.38,465020,0.001,22109,-35.814487199999995,21,0.85,464900
428.0412658691406,10152,9070.722695922852,23.9,465139,0.001,22140,-35.26829901999999,21,0.84,465020
428.8022857666016,10156,9146.528454589843,24.79,465270,0.001,22184,-35.99772046999999,20,0.83,465160
438.8609191894531,10160,9198.164984130859,23.95,465402,0.001,22231,-38.85546022999999,20,0.85,465300
427.17091369628906,10164,9804.004260253907,24.19,465449,0.001,22258,-39.27419405999999,20,0.85,465340
436.44435119628906,10168,9503.082495117187,24.3,465489,0.001,22273,-39.87325493,20,0.85,465380
432.45697631835935,10172,7868.502392578125,23.25,465512,0.001,22300,-39.39028844999999,20,0.86,465400
435.48460388183594,10176,9840.329211425782,23.17,465603,0.001,22324,-41.004036670000005,20,0.86,465500
424.0623504638672,10180,10663.758010864258,22.57,465666,0.001,22346,-40.039092860000004,20,0.87,465560
431.33770751953125,10184,10064.700134277344,24.46,465884,0.001,22395,-45.678115899999995,20,0.85,465780
428.7284881591797,10188,9044.290295410156,24.73,466025,0.001,22431,-48.48266622,20,0.85,465920
428.4452209472656,10192,7548.1419921875,23.65,466054,0.001,22450,-43.06235516999999,20,0.86,465940
435.2895263671875,10196,9545.74193725586,24.62,466273,0.001,22500,-46.09287738000001,20,0.85,466160
430.8798767089844,10200,8395.056799316406,24.52,466302,0.001,22515,-46.00969564,20,0.85,466200
433.35712890625,10204,9593.588403320313,23.64,466346,0.001,22535,-45.03033996999999,20,0.86,466240
427.0283630371094,10208,9464.046350097657,24.42,466475,0.001,22590,-48.97591458,20,0.85,466360
429.5515594482422,10212,11077.404052734375,23.57,466511,0.001,22624,-44.307949179999994,20,0.86,466400
439.7443603515625,10216,8521.84541015625,23.22,466594,0.001,22644,-41.93977097,20,0.87,466480
426.6643859863281,10220,12487.17861328125,24.3,466723,0.001,22702,-42.56352767000001,20,0.86,466620
434.1863067626953,10224,10101.542712402344,24.78,466843,0.001,22729,-45.794567400000005,20,0.85,466740
437.515966796875,10228,10204.803564453125,24.08,466893,0.001,22751,-40.895403089999995,20,0.86,466780
432.4332550048828,10232,11104.658947753906,23.31,466931,0.001,22762,-40.57477134,20,0.87,466820
438.7069427490234,10236,10153.784338378906,24.15,467058,0.001,22792,-41.153213560000005,20,0.86,466940
436.9110565185547,10240,7143.015130615235,23.98,467177,0.001,22834,-46.24159022,20,0.86,467060
435.1809936523438,10244,11667.407348632812,25.86,467396,0.001,22895,-47.76822167000001,20,0.84,467280
437.6416748046875,10248,9987.13412475586,24.01,467421,0.001,22921,-42.776217270000004,20,0.86,467320
434.84320678710935,10252,11309.363537597656,23.51,467490,0.001,22945,-42.85047413999999,20,0.87,467380
440.1366271972656,10256,7682.4907897949215,23.78,467648,0.001,22989,-48.039026369999995,20,0.87,467540
437.3357391357422,10260,9409.40609741211,24.71,467873,0.001,23060,-49.054909349999996,20,0.85,467760
436.7586364746094,10264,8545.792016601563,25.61,468010,0.001,23105,-53.09035266,20,0.84,467900
430.67909240722656,10268,10852.502136230469,25.72,468061,0.001,23125,-52.96344425,20,0.84,467960
442.1297119140625,10272,8624.334051513672,26.94,468206,0.001,23173,-54.714864979999994,20,0.83,468100
433.95826721191406,10276,11199.63621826172,27.4,468343,0.001,23214,-56.835810570000014,20,0.82,468240
440.7450256347656,10280,8384.77596435547,27.27,468393,0.001,23229,-56.168368230000006,20,0.82,468280
441.37706604003904,10284,11281.798870849609,25.5,468434,0.001,23262,-50.90692595999999,20,0.84,468320
440.29686584472654,10288,9997.558752441406,26.43,468668,0.001,23323,-54.38869407,20,0.83,468560
431.3890106201172,10292,11142.514794921875,27.85,468839,0.001,23370,-55.437799930000004,20,0.82,468720
440.99835815429685,10296,8880.119677734376,26.84,468957,0.001,23415,-54.532195660000006,20,0.83,468840
440.63036193847654,10300,8535.986712646485,27.71,469073,0.001,23445,-54.43871816000001,20,0.82,468960
437.1531097412109,10304,7468.5728515625,27.57,469103,0.001,23457,-54.50732543000001,19,0.82,469000
443.0439056396484,10308,10908.053686523437,27.58,469233,0.001,23499,-53.90953785000001,19,0.82,469120
436.15406799316406,10312,10377.38858642578,28.39,469350,0.001,23541,-58.65958328000001,19,0.81,469240
444.58888549804686,10316,7527.932446289063,29.23,469517,0.001,23585,-58.40605912000001,19,0.8,469400
437.28399353027345,10320,8268.653771972657,28.35,469558,0.001,23608,-58.70191794,19,0.81,469440
438.949560546875,10324,7785.117510986328,27.68,469611,0.001,23643,-53.551190580000004,19,0.82,469500
437.2092651367187,10328,10588.653198242188,27.42,469635,0.001,23677,-53.618196760000004,19,0.82,469520
440.5623779296875,10332,9450.423852539063,28.66,469797,0.001,23710,-58.90821376000001,19,0.81,469680
432.8343475341797,10336,11113.365014648438,28.65,469923,0.001,23743,-62.730473190000005,19,0.81,469820
434.8553192138672,10340,12009.223327636719,27.87,469964,0.001,23756,-57.75295534,19,0.82,469860
431.3278442382813,10344,10273.413339233399,26.02,469998,0.001,23779,-56.14594364999999,19,0.84,469880
445.48338012695314,10348,9660.045068359375,26.28,470049,0.001,23805,-56.18712889000001,19,0.84,469940
437.4346618652344,10352,10308.289404296875,26.29,470119,0.001,23836,-56.19087414999999,19,0.84,470000
436.5958984375,10356,9829.396997070313,25.93,470241,0.001,23872,-50.91652478,19,0.84,470140
441.7439300537109,10360,7829.20942993164,25.13,470386,0.001,23908,-47.31418818,19,0.85,470280
437.51190795898435,10364,9563.631127929688,25.05,470515,0.001,23935,-47.49850879999999,19,0.85,470400
439.1218566894531,10368,9664.341174316407,26.16,470677,0.001,23971,-50.127648390000004,19,0.84,470560
436.6393981933594,10372,10888.63056640625,26.62,470868,0.001,24017,-55.55197148,19,0.84,470760
443.11827697753904,10376,8886.781408691406,25.52,470895,0.001,24034,-50.49097363,19,0.85,470780
449.0533172607422,10380,7489.479132080078,27.22,471115,0.001,24078,-55.45940312999999,19,0.83,471000
450.0527801513672,10384,7970.673889160156,28.26,471260,0.001,24132,-56.62436645999999,19,0.82,471140
439.8668609619141,10388,10224.134436035156,28.03,471471,0.001,24180,-57.54280810999999,19,0.82,471360
446.7677825927734,10392,11391.586853027344,28.45,471684,0.001,24238,-57.578725289999994,19,0.81,471580
438.32783203125,10396,10129.917346191407,29.36,471893,0.001,24296,-59.955012620000005,19,0.8,471780
446.0108215332031,10400,9823.388989257812,30.34,472107,0.001,24338,-60.87729051,19,0.79,472000
446.5362487792969,10404,9787.379711914062,31.03,472206,0.001,24393,-60.775683789999995,19,0.79,472100
435.31630859375,10408,11232.590454101562,29.97,472230,0.001,24401,-57.10014362,19,0.8,472120
444.37762145996095,10412,10166.251635742188,29.74,472324,0.001,24445,-53.83693698,19,0.81,472220
439.8002227783203,10416,10205.643969726563,29.04,472421,0.001,24477,-54.00606441,19,0.82,472320
445.1276397705078,10420,9796.224890136718,30.31,472589,0.001,24518,-54.102170550000004,19,0.81,472480
448.902880859375,10424,9594.098596191407,32.06,472817,0.001,24597,-59.224368569999996,19,0.79,472700
452.4223114013672,10428,10700.533959960938,32.41,472876,0.001,24615,-59.80895845999999,19,0.79,472760
450.6914031982422,10432,8401.534002685547,31.17,472914,0.001,24630,-54.56072044,19,0.8,472800
455.4077941894531,10436,10943.77882080078,30.18,472941,0.001,24642,-49.566551120000014,19,0.81,472840
453.39202270507815,10440,7847.782055664063,32.95,473259,0.001,24729,-58.06037735999998,19,0.78,473140
443.1765106201172,10444,11363.84188232422,33.08,473306,0.001,24743,-58.80655791,19,0.78,473200
455.10736389160155,10448,8915.684530639648,32.86,473335,0.001,24759,-58.84693047,19,0.78,473220
449.7464935302734,10452,11446.384790039063,34.24,473543,0.001,24815,-63.64465617,19,0.76,473440
450.90561828613284,10456,7872.066809082031,34.22,473663,0.001,24852,-63.63016488,19,0.76,473560
453.8804168701172,10460,9652.339224243164,33.91,473777,0.001,24892,-62.37974120999999,19,0.77,473660
451.852294921875,10464,9161.10853881836,34.31,473946,0.001,24939,-60.11287014,19,0.77,473840
450.2107269287109,10468,10228.581127929687,33.05,473982,0.001,24957,-57.52195744999999,18,0.78,473880
456.2730377197266,10472,8405.5322265625,32.44,474112,0.001,25007,-51.42162214000001,18,0.78,474000
457.33506774902344,10476,7828.3619384765625,34.54,474349,0.001,25066,-59.030721799999995,18,0.76,474240
452.0149841308594,10480,7865.848596191407,33.48,474463,0.001,25097,-57.393149569999984,18,0.77,474360
454.0322570800781,10484,8367.020837402344,32.39,474499,0.001,25110,-55.526076259999996,18,0.78,474380
455.4606903076172,10488,9811.690856933594,30.63,474534,0.001,25124,-48.565088190000004,18,0.8,474420
455.67982788085936,10492,9130.904077148438,28.76,474560,0.001,25145,-47.72275767,18,0.82,474440
453.96178283691404,10496,9264.906677246094,26.99,474592,0.001,25162,-43.375347420000004,18,0.84,474480
455.6597442626953,10500,10110.656970214844,26.07,474714,0.001,25209,-45.50947077,18,0.86,474600
451.05889587402345,10504,8558.455596923828,25.36,474742,0.001,25226,-45.57500733,18,0.86,474640
453.5750457763672,10508,9774.012036132812,25.46,474776,0.001,25236,-45.97384516,18,0.86,474660
450.8668914794922,10512,11899.714428710937,25.68,474892,0.001,25265,-48.91695133,18,0.85,474780
452.3978607177734,10516,12744.310571289063,25.55,474976,0.001,25299,-47.87570145999999,18,0.85,474860
453.1809417724609,10520,9433.928076171875,25.05,475094,0.001,25331,-47.815225319999996,18,0.85,474980
456.3847991943359,10524,10606.496813964844,24.98,475315,0.001,25383,-45.04411480999999,18,0.85,475200
446.26255187988284,10528,11898.72592163086,25.72,475448,0.001,25425,-45.72114547,18,0.84,475340
456.5872009277344,10532,8443.755554199219,26.7,475584,0.001,25476,-47.615334600000004,18,0.83,475480
456.1549591064453,10536,12924.121533203124,27.69,475710,0.001,25527,-47.72017375999999,18,0.82,475600
462.70533142089846,10540,11023.35050048828,25.69,475828,0.001,25567,-43.130499959999995,18,0.84,475720
453.00181274414064,10544,10015.73720703125,25.64,475870,0.001,25590,-42.47519002999999,18,0.84,475760
459.06170043945315,10548,11871.973895263673,25.73,475908,0.001,25613,-42.745242260000005,18,0.84,475800
449.9991760253906,10552,10736.507202148438,24.51,475994,0.001,25636,-40.52401795,18,0.86,475880
454.80930480957034,10556,9486.840368652343,23.56,476019,0.001,25648,-39.61440181,18,0.87,475900
451.649365234375,10560,9371.960430908202,22.73,476050,0.001,25670,-39.91438928,18,0.87,475940
444.95880126953125,10564,9316.245825195312,23.13,476259,0.001,25732,-47.78329591000001,18,0.86,476140
458.40086059570314,10568,10296.05883178711,23.1,476292,0.001,25743,-47.19581004,18,0.86,476180
455.50535583496094,10572,8662.951763916015,22.05,476317,0.001,25753,-46.378896219999994,18,0.87,476200
458.58299255371094,10576,7460.021154785156,20.94,476443,0.001,25786,-43.059740119999994,18,0.88,476340
451.2224365234375,10580,11199.183282470703,20.3,476493,0.001,25800,-39.50085909,18,0.89,476380
454.27504577636716,10584,9469.722747802734,20.23,476522,0.001,25817,-39.86554539,18,0.89,476420
452.8306030273437,10588,10453.044543457032,22.11,476745,0.001,25866,-45.42279399,18,0.87,476640
453.2826324462891,10592,12097.574731445313,23.08,476868,0.001,25903,-48.937764390000005,18,0.86,476760
460.7435791015625,10596,9742.979907226563,24.87,477079,0.001,25959,-57.44155285,18,0.84,476960
457.5419525146484,10600,11913.269580078126,24.39,477153,0.001,25980,-55.621340950000004,18,0.84,477040
455.7820678710938,10604,9614.794964599609,25.36,477278,0.001,26020,-59.523294050000004,18,0.83,477160
455.0177947998047,10608,13796.28505859375,25.38,477314,0.001,26034,-59.96932237000001,18,0.83,477200
461.3632843017578,10612,10146.178369140625,25.43,477435,0.001,26074,-56.10878853,18,0.83,477320
452.5069946289062,10616,9457.642797851562,24.98,477474,0.001,26089,-54.48267756999999,18,0.83,477360
459.7591552734375,10620,10113.69609375,25.84,477678,0.001,26145,-59.27037061000001,18,0.83,477560
461.6865295410156,10624,10646.032678222657,24.85,477800,0.001,26179,-59.86952037000001,18,0.84,477680
463.3744354248047,10628,8474.86953125,23.77,477825,0.001,26211,-58.699898069999996,18,0.85,477720
460.6136505126953,10632,12937.217041015625,22.61,477845,0.001,26235,-56.32615084,18,0.86,477740
459.39947204589845,10636,11525.763232421876,21.63,477873,0.001,26247,-56.17211722000001,18,0.87,477760
461.0293762207031,10640,13056.860424804687,21.2,477948,0.001,26294,-52.48758447,18,0.88,477840
454.3558319091797,10644,13780.673461914062,21.43,478013,0.001,26313,-52.43626608,18,0.88,477900
457.2121612548828,10648,9473.922045898438,23.23,478231,0.001,26376,-58.119379290000005,18,0.86,478120
457.0458557128906,10652,10934.380804443359,22.81,478275,0.001,26395,-55.52550325,18,0.86,478160
463.1781951904297,10656,9678.726684570312,23.82,478401,0.001,26432,-58.14118242000001,18,0.85,478300
454.6248260498047,10660,10381.056909179688,24.0,478450,0.001,26452,-58.33697001,18,0.85,478340
463.2100830078125,10664,10515.771862792968,23.2,478579,0.001,26507,-51.51208264000001,18,0.86,478460
451.0204284667969,10668,10432.028161621094,25.02,478794,0.001,26557,-58.820260080000004,18,0.84,478680
465.24554748535155,10672,8962.797418212891,26.16,478933,0.001,26588,-59.974453220000015,18,0.83,478820
460.0227996826172,10676,12844.736669921875,27.04,479147,0.001,26646,-62.637001440000006,17,0.82,479040
453.38978881835936,10680,11821.042944335937,26.76,479169,0.001,26670,-62.28785689,17,0.82,479060
455.2122436523438,10684,13560.086364746094,27.53,479275,0.001,26702,-64.01493615,17,0.82,479160
460.09227294921874,10688,8495.270733642577,26.46,479391,0.001,26739,-62.863058730000006,17,0.83,479280
466.57872619628904,10692,11478.345373535156,26.87,479555,0.001,26798,-63.145504769999995,17,0.83,479440
458.1055847167969,10696,9989.5794921875,26.02,479681,0.001,26826,-59.09104952,17,0.84,479580
464.8339477539063,10700,9968.342993164062,25.56,479709,0.001,26838,-57.546592950000004,17,0.84,479600
463.4047088623047,10704,13205.114477539062,25.61,479839,0.001,26883,-58.373202709999994,17,0.84,479720
463.5299072265625,10708,11060.117749023437,26.83,479997,0.001,26923,-63.60919610999999,17,0.83,479880
465.75194396972654,10712,11522.277557373047,26.83,480118,0.001,26966,-62.848307150000004,17,0.83,480000
462.18349304199216,10716,10462.762915039062,26.69,480143,0.001,26992,-62.704230980000006,17,0.83,480040
458.03297729492186,10720,14193.278955078125,25.89,480267,0.001,27042,-58.722222980000005,17,0.83,480160
470.25608215332034,10724,9346.096704101563,26.01,480401,0.001,27084,-58.55609646999999,17,0.84,480300
469.05255126953125,10728,8635.961669921875,27.06,480531,0.001,27130,-60.067443540000006,17,0.83,480420
466.8781036376953,10732,10111.359002685547,29.76,480821,0.001,27212,-65.04664716999999,17,0.81,480720
467.86851501464844,10736,10805.10408935547,30.16,480889,0.001,27242,-66.6928547,17,0.81,480780
462.1490753173828,10740,13276.084130859375,30.18,480966,0.001,27270,-67.53615732000002,17,0.81,480860
460.4488159179688,10744,11106.031018066406,29.75,480988,0.001,27285,-67.18482621999999,17,0.81,480880
472.79844665527344,10748,11097.18009033203,29.68,481199,0.001,27331,-67.54028784,17,0.81,481080
462.0710479736328,10752,12103.5529296875,29.82,481257,0.001,27354,-67.40105576,17,0.81,481140
461.9469451904297,10756,13716.657495117188,29.75,481376,0.001,27392,-66.67988478,17,0.81,481260
469.48558654785154,10760,10592.763891601562,29.58,481408,0.001,27409,-66.58439953,17,0.81,481300
471.1019348144531,10764,9536.3734375,28.59,481438,0.001,27430,-63.10696954999999,17,0.82,481320
470.9711608886719,10768,11837.506176757812,26.83,481477,0.001,27446,-56.19755851000001,17,0.84,481360
472.1551147460938,10772,10692.103295898438,26.64,481597,0.001,27486,-55.46160782999999,17,0.84,481480
466.45386657714846,10776,10603.760632324218,26.69,481816,0.001,27534,-54.55283919000001,17,0.84,481700
467.7295288085937,10780,11645.69794921875,26.71,481840,0.001,27549,-54.292936139999995,17,0.84,481720
469.06403198242185,10784,13256.706494140624,27.82,482057,0.001,27603,-58.05511748,17,0.82,481940
470.65374450683595,10788,8759.214331054687,28.8,482271,0.001,27653,-53.967472550000004,17,0.81,482160
465.75726623535155,10792,10783.772204589844,27.39,482294,0.001,27665,-50.340626330000006,17,0.82,482180
469.6490081787109,10796,11016.591162109375,26.45,482326,0.001,27677,-45.053408420000004,17,0.83,482220
469.0238342285156,10800,10109.439733886718,26.59,482368,0.001,27692,-45.94656580999998,17,0.83,482260
466.7715759277344,10804,13294.265716552734,26.74,482513,0.001,27734,-42.905199469999985,17,0.83,482400
464.50221862792966,10808,12114.699255371093,25.51,482548,0.001,27764,-37.177192299999994,17,0.84,482440
463.49681091308594,10812,8981.767041015624,24.6,482578,0.001,27781,-37.24908939,17,0.85,482460
473.92267456054685,10816,7902.034521484375,25.53,482696,0.001,27811,-42.76947592,17,0.84,482580
473.6225830078125,10820,10925.834271240234,26.4,482907,0.001,27859,-41.97291588,17,0.83,482800
464.5172180175781,10824,15430.267260742188,25.87,482988,0.001,27898,-40.448370360000006,17,0.83,482880
469.5821868896484,10828,12142.196459960938,26.72,483203,0.001,27950,-40.14633105,17,0.82,483100
469.4740295410156,10832,10901.100482177735,25.98,483419,0.001,28019,-37.20884649,17,0.82,483300
467.1734130859375,10836,10186.283331298828,25.65,483454,0.001,28037,-35.38480354,17,0.82,483340
472.4725616455078,10840,10446.811932373046,25.56,483522,0.001,28057,-35.961780510000004,17,0.82,483420
464.8146575927734,10844,11659.519067382813,25.68,483556,0.001,28070,-36.16683759,17,0.82,483440
475.8212036132812,10848,10125.606323242188,24.87,483686,0.001,28126,-31.740250550000006,17,0.83,483580
474.1354614257813,10852,11865.781201171874,25.74,483831,0.001,28167,-35.07778532,17,0.82,483720
474.3782073974609,10856,10905.420141601562,26.87,484063,0.001,28232,-34.08155240000001,17,0.81,483960
465.4737884521484,10860,12931.3990234375,27.85,484193,0.001,28271,-36.7589624,17,0.8,484080
469.4142333984375,10864,11871.171850585937,28.08,484246,0.001,28298,-37.251149870000006,17,0.8,484140
471.28481140136716,10868,8447.469116210938,28.08,484285,0.001,28311,-37.91003231,17,0.8,484180
479.20021667480466,10872,9008.041796875,27.14,484311,0.001,28324,-37.340095389999995,17,0.81,484200
479.1479034423828,10876,10887.91796875,26.43,484459,0.001,28352,-37.03356472000001,17,0.82,484340
467.7437438964844,10880,11734.70869140625,27.39,484579,0.001,28387,-42.19228926999999,17,0.81,484460
467.10791015625,10884,14995.025927734376,25.76,484633,0.001,28402,-37.597877159999996,17,0.83,484520
473.3378021240234,10888,11178.506805419922,23.92,484663,0.001,28416,-36.69105711,17,0.85,484560
463.93589782714844,10892,17512.464318847655,24.73,484767,0.001,28471,-38.62202293,17,0.85,484660
478.0479278564453,10896,8989.65712890625,25.71,484897,0.001,28511,-42.775820519999996,17,0.84,484780
481.90638732910156,10900,13272.246398925781,26.57,485025,0.001,28540,-47.697741050000005,16,0.83,484920
469.1846099853516,10904,10958.961376953124,25.63,485076,0.001,28573,-46.56456935,16,0.84,484960
474.2252227783203,10908,10168.712609863282,25.56,485104,0.001,28598,-46.18641275000001,16,0.84,485000
475.7255615234375,10912,9861.685272216797,26.51,485229,0.001,28631,-51.014861200000006,16,0.83,485120
473.5592529296875,10916,10100.509350585937,27.39,485435,0.001,28693,-55.4440453,16,0.82,485320
467.8304504394531,10920,9705.527062988282,25.7,485477,0.001,28713,-54.99706612,16,0.84,485360
474.91737976074216,10924,10012.013592529296,26.12,485600,0.001,28764,-55.113850239999984,16,0.83,485480
475.60985412597654,10928,11179.200146484374,24.26,485629,0.001,28781,-53.77232000999999,16,0.85,485520
467.4538116455078,10932,11493.226293945312,22.31,485650,0.001,28795,-51.634808799999995,16,0.87,485540
467.24712829589845,10936,12388.242138671874,22.36,485690,0.001,28812,-52.150979080000006,16,0.87,485580
473.8464630126953,10940,13231.391162109376,22.13,485735,0.001,28832,-49.928989249999994,16,0.87,485620
475.1283264160156,10944,11483.974658203126,22.06,485762,0.001,28847,-49.76197971,16,0.87,485660
477.0276184082031,10948,12176.50502319336,23.18,486004,0.001,28926,-50.87625768,16,0.86,485900
465.02557983398435,10952,10730.237072753906,21.98,486029,0.001,28943,-47.38381078999999,16,0.87,485920
475.1782958984375,10956,11915.282104492188,20.0,486063,0.001,28955,-47.56001289999999,16,0.89,485960
476.80780029296875,10960,12366.429895019532,20.01,486194,0.001,29000,-46.08490374,16,0.89,486080
479.99071044921874,10964,11036.555834960938,19.81,486227,0.001,29014,-45.69459342000001,16,0.89,486120
470.36530151367185,10968,13161.12763671875,20.63,486348,0.001,29046,-50.159276399999996,16,0.88,486240
473.4309783935547,10972,13478.625048828126,22.51,486562,0.001,29098,-51.77852573,16,0.86,486460
466.03221435546874,10976,12973.550390625,23.17,486776,0.001,29147,-47.561900990000005,16,0.85,486660
472.8605926513672,10980,11712.137243652343,23.27,486906,0.001,29178,-45.98631868999999,16,0.85,486800
471.10931396484375,10984,11741.657763671876,23.06,486939,0.001,29192,-45.17783665000001,16,0.85,486820
474.1798095703125,10988,8287.913958740235,24.97,487160,0.001,29249,-47.55602373999999,16,0.83,487040
476.2994323730469,10992,10885.912890625,25.19,487286,0.001,29278,-50.34807954000001,16,0.82,487180
478.1536529541016,10996,10744.082147216797,25.27,487424,0.001,29327,-50.8522534,16,0.82,487320
480.33033142089846,11000,9894.08975830078,24.88,487513,0.001,29395,-46.67743221999999,16,0.83,487400
480.39964294433594,11004,10552.627661132812,25.73,487649,0.001,29431,-51.862573479999995,16,0.82,487540
479.22466735839845,11008,11821.507055664062,25.91,487695,0.001,29459,-52.016086079999994,16,0.82,487580
475.95774536132814,11012,10680.631274414063,25.93,487822,0.001,29496,-47.629998459999996,16,0.82,487720
474.56806640625,11016,11096.010778808593,25.11,487946,0.001,29533,-43.33105710999999,16,0.83,487840
482.27056579589845,11020,13398.876733398438,26.93,488170,0.001,29585,-44.33244084999999,16,0.81,488060
481.7013732910156,11024,11133.028857421876,26.93,488293,0.001,29657,-47.80759819,16,0.81,488180
482.2478790283203,11028,13555.959582519532,26.99,488328,0.001,29671,-47.819466430000006,16,0.81,488220
482.44255981445315,11032,12965.077905273438,28.19,488469,0.001,29702,-49.11146065,16,0.8,488360
477.5201477050781,11036,14317.1439453125,28.27,488517,0.001,29724,-48.806826969999996,16,0.8,488400
478.8560821533203,11040,13336.529626464844,29.03,488638,0.001,29760,-48.861083179999994,16,0.79,488520
479.3061584472656,11044,14591.16551513672,29.04,488666,0.001,29776,-49.237113550000004,16,0.79,488560
477.49729919433594,11048,13192.572241210937,27.82,488786,0.001,29815,-51.73632959999999,16,0.8,488680
483.9103210449219,11052,12760.810791015625,28.82,488911,0.001,29847,-52.07567354,16,0.79,488800
480.93348999023436,11056,12324.509985351562,29.65,489028,0.001,29894,-52.31440911,16,0.78,488920
476.02288513183595,11060,11477.156201171874,29.58,489152,0.001,29930,-51.53765104,16,0.78,489040
480.44426879882815,11064,12925.974090576172,30.33,489260,0.001,29963,-54.88615041,16,0.78,489140
483.6564086914062,11068,10968.7017578125,31.23,489471,0.001,30026,-54.39529993,16,0.77,489360
479.7615997314453,11072,12526.585409545898,29.89,489551,0.001,30055,-53.28134870000001,16,0.79,489440
478.9720153808594,11076,12385.66357421875,28.95,489671,0.001,30102,-52.238283290000005,16,0.8,489560
476.8956573486328,11080,10082.698284912109,29.03,489809,0.001,30148,-54.01851293,16,0.8,489700
480.0414337158203,11084,13721.255859375,30.04,489943,0.001,30188,-54.65087015000001,16,0.79,489840
478.83437194824216,11088,11591.99248046875,28.13,489973,0.001,30202,-52.04746056,16,0.81,489860
485.0829223632812,11092,10881.816009521484,27.35,490021,0.001,30228,-47.80241470000001,16,0.82,489920
488.6780120849609,11096,11221.783422851562,27.21,490145,0.001,30276,-48.58116144,16,0.82,490040
482.4991821289062,11100,10082.691448974609,26.65,490178,0.001,30294,-47.26086486,16,0.82,490060
481.2876403808594,11104,12307.908154296874,27.5,490399,0.001,30337,-51.45453372000001,16,0.81,490280
486.46387939453126,11108,11437.2060546875,27.39,490434,0.001,30352,-52.20303297000001,16,0.81,490320
481.449560546875,11112,13712.30662841797,27.35,490557,0.001,30389,-55.882310340000004,16,0.82,490440
485.25078125,11116,8972.82852783203,26.53,490599,0.001,30403,-50.35965906000001,16,0.83,490480
485.40040588378906,11120,8567.389263916015,24.6,490630,0.001,30421,-49.183139739999994,16,0.85,490520
483.5575469970703,11124,13856.428515625,23.77,490670,0.001,30445,-44.54650722,16,0.86,490560
487.4178955078125,11128,9432.617456054688,23.79,490707,0.001,30461,-44.9489953,16,0.86,490600
477.83359680175784,11132,16041.625634765625,22.86,490755,0.001,30488,-44.491188730000005,16,0.87,490640
484.5940246582031,11136,11865.42098388672,23.1,490827,0.001,30524,-46.26686245999999,16,0.87,490720
472.3072814941406,11140,12839.536401367188,23.93,491031,0.001,30576,-51.49350594,16,0.87,490920
486.2192321777344,11144,11584.768774414062,24.73,491139,0.001,30606,-54.14455783,16,0.87,491020
481.21214904785154,11148,12385.31697998047,24.06,491192,0.001,30636,-48.699049519999996,16,0.88,491080
485.6536407470703,11152,11684.511041259766,23.13,491224,0.001,30659,-48.241320290000004,16,0.89,491120
484.4119049072266,11156,15584.98759765625,22.29,491257,0.001,30672,-47.32845513,16,0.9,491140
495.6683349609375,11160,8596.122491455078,21.27,491279,0.001,30683,-46.942594910000004,16,0.91,491160
486.2206115722656,11164,12487.678845214843,21.49,491409,0.001,30724,-48.798878450000004,15,0.9,491300
483.8543731689453,11168,9874.011828613282,20.6,491531,0.001,30749,-48.38996023999999,15,0.91,491420
484.48737182617185,11172,9556.647082519532,21.23,491674,0.001,30786,-52.62636831999998,15,0.9,491560
479.5534729003906,11176,10977.548706054688,20.3,491701,0.001,30802,-52.43255431999999,15,0.91,491600
491.59678039550784,11180,9782.660217285156,19.67,491776,0.001,30825,-49.38922750999999,15,0.92,491660
481.4631591796875,11184,15126.604467773437,18.62,491805,0.001,30838,-48.37838911,15,0.93,491700
483.37607727050784,11188,12519.660913085938,19.59,491932,0.001,30877,-49.60535632999999,15,0.92,491820
488.1969909667969,11192,10190.205627441406,19.66,491987,0.001,30891,-49.975847890000004,15,0.92,491880
488.4005645751953,11196,11631.39365234375,18.73,492018,0.001,30906,-44.58151467,15,0.93,491900
481.7723785400391,11200,12283.038757324219,18.64,492042,0.001,30937,-44.35122056,15,0.93,491940
491.11248779296875,11204,9298.359326171874,16.74,492073,0.001,30960,-34.40293029,15,0.95,491960
486.23345336914065,11208,12405.166430664063,17.61,492195,0.001,31001,-38.58976133,15,0.94,492080
482.4521850585937,11212,13230.014770507812,17.65,492322,0.001,31039,-35.226891820000006,15,0.93,492220
496.9029602050781,11216,10410.784252929687,18.81,492480,0.001,31083,-37.321046110000005,15,0.92,492360
491.5373596191406,11220,9472.113391113282,18.94,492524,0.001,31105,-37.908870379999996,15,0.92,492420
488.0812530517578,11224,14165.794665527344,18.9,492560,0.001,31118,-38.19070057,15,0.92,492440
487.73818359375,11228,10915.904736328124,19.92,492699,0.001,31165,-38.90771367,15,0.91,492580
494.43687744140624,11232,10942.947357177734,20.81,492836,0.001,31208,-38.98391144,15,0.9,492720
477.3957550048828,11236,14687.374938964844,20.4,492867,0.001,31221,-36.94677864,15,0.9,492760
489.0499755859375,11240,12417.708679199219,19.54,492985,0.001,31262,-32.4935173,15,0.9,492880
479.00225524902345,11244,12219.467309570313,19.61,493100,0.001,31289,-33.015239720000004,15,0.89,492980
489.4517425537109,11248,10797.219372558593,20.35,493227,0.001,31328,-36.65992956,15,0.88,493120
490.1798370361328,11252,12190.055212402343,22.37,493461,0.001,31403,-42.32041323000001,15,0.86,493360
487.31633911132815,11256,13926.35830078125,25.09,493766,0.001,31490,-48.23195076000001,15,0.83,493660
487.2617584228516,11260,13718.184912109375,26.99,493978,0.001,31547,-57.45416916000001,15,0.82,493860
486.3242462158203,11264,10978.646801757812,25.94,494003,0.001,31559,-52.48322008,15,0.83,493900
490.0042205810547,11268,12983.081994628907,25.9,494121,0.001,31596,-48.62928198999999,15,0.83,494020
486.4391723632813,11272,13361.751318359375,24.78,494152,0.001,31610,-44.01535258999999,15,0.84,494040
489.5261199951172,11276,10783.03916015625,25.0,494201,0.001,31631,-44.907671289999996,15,0.84,494100
486.8430236816406,11280,11297.773266601562,25.64,494340,0.001,31681,-43.97549375,15,0.83,494220
484.01915588378904,11284,14580.5310546875,26.68,494473,0.001,31712,-45.64018648999999,15,0.82,494360
487.0678375244141,11288,12104.984149169923,25.77,494509,0.001,31734,-44.246946869999995,15,0.83,494400
488.8045288085938,11292,12658.804730224609,26.62,494649,0.001,31775,-48.68421064,15,0.82,494540
496.72715759277344,11296,10641.63680419922,26.91,494709,0.001,31799,-49.31629777000001,15,0.82,494600
486.4141906738281,11300,14368.291259765625,28.02,494844,0.001,31845,-50.90406975,15,0.81,494740
487.1512420654297,11304,10693.008361816406,28.84,494957,0.001,31881,-52.15632357,15,0.8,494840
485.0254241943359,11308,11573.381384277343,28.44,495039,0.001,31926,-48.914093460000004,15,0.81,494920
484.31333312988284,11312,11520.175994873047,27.42,495064,0.001,31946,-47.89097256,15,0.82,494960
488.9719757080078,11316,10851.925073242188,26.08,495088,0.001,31957,-45.64520528,15,0.83,494980
497.0105682373047,11320,9878.936877441407,26.86,495210,0.001,32011,-45.4671995,15,0.82,495100
493.2936248779297,11324,10276.910638427735,26.85,495245,0.001,32037,-45.16565471,15,0.82,495140
486.63059692382814,11328,12649.383862304687,25.83,495282,0.001,32056,-43.91460184,15,0.83,495180
503.9739959716797,11332,13447.2279296875,25.94,495430,0.001,32106,-48.014372650000006,15,0.83,495320
491.41375427246095,11336,13610.794091796875,25.88,495455,0.001,32118,-48.30451443999999,15,0.83,495340
494.4993072509766,11340,12264.938989257813,25.25,495510,0.001,32146,-48.52516542999999,15,0.84,495400
491.8183990478516,11344,10654.33642578125,24.45,495545,0.001,32159,-45.20659954,15,0.85,495440
490.1297607421875,11348,13082.887036132812,23.61,495588,0.001,32175,-42.43819204,15,0.86,495480
487.5532470703125,11352,12800.927124023438,21.62,495623,0.001,32198,-37.021334949999996,15,0.88,495520
483.31488647460935,11356,14283.575,18.85,495651,0.001,32217,-31.124036930000003,15,0.91,495540
496.0018371582031,11360,10885.49623413086,17.21,495699,0.001,32239,-22.731782810000006,15,0.92,495580
497.4587707519531,11364,9498.988885498047,18.14,495817,0.001,32269,-23.091893590000005,15,0.91,495700
483.06737365722654,11368,14746.188427734374,19.29,496050,0.001,32344,-33.03531318,15,0.9,495940
485.16656799316405,11372,14380.717749023437,19.22,496074,0.001,32353,-33.05065248999999,15,0.9,495960
487.5642364501953,11376,14681.585559082032,20.03,496204,0.001,32391,-37.76042351,15,0.89,496100
492.3136932373047,11380,13430.380212402344,18.99,496239,0.001,32412,-36.71408656999999,15,0.9,496120
488.07171630859375,11384,12802.89296875,19.39,496412,0.001,32454,-36.052443409999995,15,0.9,496300
496.55205688476565,11388,13798.333630371093,19.33,496442,0.001,32466,-36.75274915000001,15,0.9,496340
490.32069091796876,11392,13533.874133300782,18.25,496474,0.001,32482,-31.5474765,15,0.91,496360
488.7777160644531,11396,13805.77744140625,20.72,496781,0.001,32550,-36.44332401,15,0.88,496680
490.858251953125,11400,12067.15047607422,21.69,497013,0.001,32602,-40.610046849999996,15,0.87,496900
498.36546325683594,11404,13301.210717773438,20.83,497040,0.001,32620,-39.77310707,15,0.88,496920
499.4713958740234,11408,10652.502685546875,22.14,497253,0.001,32670,-42.08354994999999,15,0.86,497140
495.3876617431641,11412,13085.523364257813,22.17,497281,0.001,32693,-42.24941766,15,0.86,497180
491.69370422363284,11416,12665.449725341798,23.17,497405,0.001,32743,-43.29225685,15,0.85,497300
498.0564453125,11420,14972.887866210938,22.43,497453,0.001,32765,-43.10053297000001,15,0.86,497340
489.2992919921875,11424,14467.842077636718,24.11,497656,0.001,32819,-46.21079614,15,0.85,497540
499.2565460205078,11428,14083.124853515625,24.17,497699,0.001,32838,-47.04812057000001,15,0.85,497580
495.02294921875,11432,11695.752716064453,22.99,497729,0.001,32853,-42.62566855,15,0.86,497620
491.6513732910156,11436,10331.922729492188,23.41,497796,0.001,32886,-43.75312132000001,15,0.86,497680
496.00546875,11440,12972.385296630859,24.33,497943,0.001,32930,-47.03559949,15,0.85,497840
498.82395935058594,11444,13046.044396972657,26.24,498169,0.001,33007,-48.76259277000001,15,0.83,498060
490.5881408691406,11448,13305.73408203125,28.22,498410,0.001,33062,-53.416313110000004,15,0.81,498300
490.6255828857422,11452,13759.414013671874,28.28,498451,0.001,33082,-53.136217189999996,15,0.81,498340
500.4392333984375,11456,11128.428717041015,30.05,498656,0.001,33141,-57.68506512,15,0.8,498540
493.87865295410154,11460,11414.099536132813,30.79,498778,0.001,33176,-56.5779276,15,0.79,498660
488.30722961425784,11464,15324.064770507812,31.75,498992,0.001,33215,-60.72201671999999,15,0.78,498880
493.02958984375,11468,15065.988897705078,29.7,499020,0.001,33229,-50.389971620000004,15,0.8,498900
500.27158203125,11472,13687.298419189454,30.72,499146,0.001,33260,-51.42254990000001,15,0.79,499040
496.14972229003905,11476,11355.1080078125,29.67,499171,0.001,33277,-46.21265194000001,15,0.8,499060
492.94749450683594,11480,11568.332800292968,30.88,499327,0.001,33319,-46.97853114,14,0.79,499220
507.0948852539062,11484,11347.111743164063,29.89,499401,0.001,33344,-46.101718090000006,14,0.8,499300
502.40862426757815,11488,11392.692272949218,29.96,499438,0.001,33356,-46.34052032,14,0.8,499320
494.83025512695315,11492,15885.750378417968,30.83,499557,0.001,33391,-46.370564730000005,14,0.79,499440
497.8251220703125,11496,13569.297973632812,29.17,499698,0.001,33424,-43.29824888,14,0.81,499580
493.10845336914065,11500,13226.40535888672,28.46,499859,0.001,33480,-40.67233239,14,0.82,499740
492.7838104248047,11504,12232.60810546875,28.49,499889,0.001,33498,-40.67004571,14,0.82,499780
