time/time_elapsed,train/actor_loss,train/learning_rate,time/fps,rollout/success rate,train/n_updates,train/critic_loss,time/total timesteps,train/ent_coef_loss,rollout/ep_rew_mean,rollout/ep_len_mean,time/episodes,train/ent_coef,train/std
249,40.89421848297119,0.0003,60,0.0,14800,0.020065777990967034,15000,0.5142371551692486,-14098.443626,15000.0,1,0.02125251408666372,0.04973842203617096
491,71.28777168273926,0.0003,61,0.0,29800,0.2478981695510447,30000,-2.3834336027503014,-15724.507797,15000.0,2,0.04364189606159925,0.05069351568818092
734,95.34930809020996,0.0003,61,0.0,44800,0.15308849718421697,45000,0.34138581924140454,-18937.202126333334,15000.0,3,0.12006563864648342,0.04939114674925804
977,130.7626040649414,0.0003,61,0.0,59800,0.5992550060153008,60000,-0.8729043559730053,-22530.46291925,15000.0,4,0.08373022191226483,0.04936297982931137
1220,122.93949241638184,0.0003,61,0.0,74800,0.6325881349295378,75000,-0.017334722094237805,-19574.461603800002,15000.0,5,0.14003163427114487,0.04976079240441322
1463,115.00844879150391,0.0003,61,0.0,89800,0.4314836847037077,90000,0.09195249836891889,-17779.043335666665,15000.0,6,0.10040360331535339,0.04971981421113014
1705,134.76304191589355,0.0003,61,0.0,104800,0.6729981867969036,105000,-0.2675760634243488,-20372.714015,15000.0,7,0.07456659242510795,0.049778856337070465
1764,132.51867378234863,0.0003,61,0.125,108400,0.19872576151043175,108597,-0.04502755410969257,-17925.5467115,13574.625,8,0.07401111759245396,0.049813318997621536
2007,149.61531494140624,0.0003,61,0.1111111111111111,123400,0.9855334248393774,123597,-0.06253507733345032,-20295.57149611111,13733.0,9,0.07551621347665786,0.049935366958379745
2250,138.5937010192871,0.0003,61,0.1,138400,0.5854095337539911,138597,-0.28642391139641404,-18675.7864283,13859.7,10,0.0951573358476162,0.050242528319358826
2492,131.0739907836914,0.0003,61,0.09090909090909091,153400,0.8842399768531323,153597,-0.09952631540596485,-18455.007300727273,13963.363636363636,11,0.09654308877885341,0.050413019955158234
2735,122.18363098144532,0.0003,61,0.08333333333333333,168400,0.421545927003026,168597,-0.1182965701073408,-17628.840907916667,14049.75,12,0.07656327247619629,0.0502782016992569
2981,117.63001487731934,0.0003,61,0.07692307692307693,183400,2.3879218800365924,183597,0.035567815527319906,-16947.98600746154,14122.846153846154,13,0.07100403428077698,0.05080747604370117
3224,113.6519701385498,0.0003,61,0.07142857142857142,198400,5.173183863535524,198597,-0.24362036291509867,-16761.99596357143,14185.5,14,0.07056273356080055,0.05182065814733505
3467,114.7059294128418,0.0003,61,0.06666666666666667,213400,0.4409144002571702,213597,0.09892922509461641,-16335.107652733333,14239.8,15,0.07126434467732906,0.05267607420682907
3710,121.4523078918457,0.0003,61,0.0625,228400,2.0300344686210154,228597,0.275237942263484,-17332.206533750003,14287.3125,16,0.05377318233251572,0.052863508462905884
3953,120.5079795074463,0.0003,61,0.058823529411764705,243400,0.3099217885732651,243597,0.2272747341915965,-17616.16949817647,14329.235294117647,17,0.05178041841834784,0.05320313200354576
4196,118.67990943908691,0.0003,61,0.05555555555555555,258400,0.17281169455498457,258597,-0.009331693425774574,-17308.2959785,14366.5,18,0.04751840576529503,0.05334853008389473
4439,128.77399909973144,0.0003,61,0.05263157894736842,273400,0.4758377783000469,273597,-0.005336070284247398,-18944.442310894734,14399.842105263158,19,0.05829737588763237,0.053712960332632065
4588,126.1688516998291,0.0003,61,0.1,282700,0.27798639550805093,282863,-0.1549444605410099,-18065.9843381,14143.15,20,0.061752770580351356,0.05453689768910408
4831,126.89124992370606,0.0003,61,0.09523809523809523,297700,2.628859082236886,297863,-0.02607247542589903,-17945.220400952378,14183.952380952382,21,0.04848651230335235,0.054872024804353714
5074,126.39848686218262,0.0003,61,0.09090909090909091,312700,0.6431686390191317,312863,0.16828970111906527,-17735.97652113636,14221.045454545454,22,0.062049678377807144,0.054651349782943726
5317,128.8224712371826,0.0003,61,0.08695652173913043,327700,0.35056476198136804,327863,0.04412009675055742,-18484.60558395652,14254.91304347826,23,0.06000127382576466,0.055087924003601074
5567,129.21207717895507,0.0003,61,0.08333333333333333,342700,0.6198787446320057,342863,0.13390764705836772,-18240.951892416666,14285.958333333334,24,0.06549848474562169,0.05483390390872955
5658,127.98175407409668,0.0003,61,0.12,348200,0.7134920457750559,348393,-0.03277685556560755,-17535.23474848,13935.72,25,0.059406427890062334,0.05480232462286949
5903,124.53907356262206,0.0003,61,0.11538461538461539,363200,0.6539690587669611,363393,-0.5778794496506453,-17288.765290038464,13976.653846153846,26,0.05143647197633982,0.05482769012451172
6150,122.66190391540528,0.0003,61,0.1111111111111111,378200,1.5490013073012232,378393,-0.1701651081442833,-17178.39386725926,14014.555555555555,27,0.03794105585664511,0.05484219267964363
6397,121.17890678405762,0.0003,61,0.10714285714285714,393200,2.4603591142594814,393393,-0.2537343583628535,-16978.993157428573,14049.75,28,0.04205087948590517,0.05572326108813286
6644,119.26582130432129,0.0003,61,0.10344827586206896,408200,0.07617023508995771,408393,-0.27036782290786504,-16612.692719793107,14082.51724137931,29,0.03566505745053292,0.0555465966463089
6890,115.4556763458252,0.0003,61,0.1,423200,0.26961713168770074,423393,-0.09477710723876953,-16121.767309500001,14113.1,30,0.03699493244290352,0.05580206215381622
7136,116.13338119506835,0.0003,61,0.0967741935483871,438200,1.7222758096456527,438393,-0.1173903938382864,-16481.791074129032,14141.709677419354,31,0.031629598438739776,0.05648069456219673
7384,115.48471893310547,0.0003,61,0.09375,453200,0.5565897450968623,453393,0.24514221280813217,-16494.146577125,14168.53125,32,0.04620426461100578,0.05703945830464363
7630,116.4637939453125,0.0003,61,0.09090909090909091,468200,3.565075981542468,468393,-0.22787737891077994,-16748.32360669697,14193.727272727272,33,0.041770068891346455,0.057348232716321945
7877,118.3675186920166,0.0003,61,0.08823529411764706,483200,0.6302772222459316,483393,0.11162649538367987,-16631.479735676472,14217.441176470587,34,0.03083074703812599,0.05683193355798721
8123,117.09916557312012,0.0003,61,0.08571428571428572,498200,3.8156089086458085,498393,0.32510080143809317,-16473.389284285717,14239.8,35,0.03329513050615787,0.05724707245826721
8370,119.91565048217774,0.0003,61,0.08333333333333333,513200,0.7268098989129066,513393,0.3503121628239751,-16465.85994119445,14260.916666666666,36,0.02685042191296816,0.05721559002995491
8615,117.99264923095703,0.0003,61,0.08108108108108109,528200,2.064284796305001,528393,-0.07072539106011391,-16369.833130594598,14280.891891891892,37,0.02190274853259325,0.05758556351065636
8799,115.97650978088379,0.0003,61,0.10526315789473684,539400,2.0871567507088185,539513,-0.2602701962739229,-16106.316764210529,14197.71052631579,38,0.030021128952503206,0.0575358010828495
9044,115.74041137695312,0.0003,61,0.10256410256410256,554400,2.1481436774134637,554513,0.27835345443338155,-16321.216851666668,14218.28205128205,39,0.02999827530235052,0.05752665176987648
9290,113.77634666442871,0.0003,61,0.1,569400,6.446870089992881,569513,0.0016055348515510558,-16257.567129375,14237.825,40,0.027358120735734702,0.05712427943944931
9537,114.42908241271972,0.0003,61,0.0975609756097561,584400,2.4525178808346393,584513,0.586444939263165,-16203.359635658537,14256.414634146342,41,0.028054842185229065,0.056869443506002426
9668,113.27090385437012,0.0003,61,0.11904761904761904,592400,3.598102938681841,592512,-0.039190475791692735,-15892.086895952381,14107.42857142857,42,0.02199184203520417,0.05676129832863808
9826,112.25947540283204,0.0003,61,0.13953488372093023,602000,0.766281741708517,602184,-0.14152199998497964,-15555.473746627908,14004.279069767443,43,0.02462911166250706,0.05663497373461723
9851,112.21572982788086,0.0003,61,0.1590909090909091,603500,0.6329508617147803,603695,0.03682065863162279,-15204.992128954547,13720.34090909091,44,0.02409784611314535,0.05660011246800423
10097,113.33877494812012,0.0003,61,0.15555555555555556,618500,0.49026807483285667,618695,0.3913712460547686,-15533.138268155559,13748.777777777777,45,0.030096686724573374,0.0570271760225296
10344,116.18544105529786,0.0003,61,0.15217391304347827,633500,1.5233659453317523,633695,0.04705128282308579,-15779.73457386957,13775.978260869566,46,0.029936644677072764,0.057857491075992584
10388,116.225732421875,0.0003,61,0.1702127659574468,636200,1.928090953566134,636365,-0.34341909144073723,-15451.390061893619,13539.68085106383,47,0.027262279875576497,0.058235347270965576
10634,116.27529792785644,0.0003,61,0.16666666666666666,651200,1.5208093961700797,651365,0.07910665195435286,-15678.223548583332,13570.104166666666,48,0.02386991582810879,0.05862641707062721
10813,116.13213233947754,0.0003,61,0.1836734693877551,662100,1.4911404175311327,662250,-0.13732869781553744,-15517.869190836735,13515.30612244898,49,0.028731293864548205,0.058550965040922165
11060,115.18293960571289,0.0003,61,0.18,677100,0.12440212760120631,677250,0.29803211987018585,-15613.857692779999,13545.0,50,0.02857975235208869,0.058787524700164795
11106,115.1542155456543,0.0003,61,0.19607843137254902,679900,2.0456044613942503,680046,0.06723761327564716,-15314.876596921566,13334.235294117647,51,0.02995197482407093,0.058969538658857346
11353,113.68956230163575,0.0003,61,0.19230769230769232,694900,0.7351146829500794,695046,-0.13533496953547,-15242.445994884612,13366.26923076923,52,0.027089821733534337,0.05922658368945122
11599,113.71744300842285,0.0003,61,0.18867924528301888,709900,1.918745616003871,710046,0.0794004800915718,-15179.7929710566,13397.094339622641,53,0.024089069608598947,0.05917349457740784
11610,114.06937698364258,0.0003,61,0.2037037037037037,710600,2.0268114161491395,710738,0.46084597073495387,-14900.38924433333,13161.814814814816,54,0.02456030772998929,0.05909788981080055
11614,113.96078956604003,0.0003,61,0.21818181818181817,710800,3.882967568859458,710928,0.2715417543798685,-14629.605881363634,12925.963636363636,55,0.024837216436862944,0.05909733101725578
11859,113.36332290649415,0.0003,61,0.21428571428571427,725800,0.46934618931263683,725928,-0.2923774476349354,-14573.167500660715,12963.0,56,0.021387886069715024,0.0596180185675621
12105,114.66291236877441,0.0003,61,0.21052631578947367,740800,0.549485663883388,740928,0.12963890004903078,-14744.010259684212,12998.736842105263,57,0.018591476660221814,0.05949246883392334
12352,115.77227844238281,0.0003,61,0.20689655172413793,755800,0.6162501028180123,755928,-0.05074078880250454,-14932.413684465519,13033.241379310344,58,0.019079920500516892,0.05957626551389694
12387,115.32866279602051,0.0003,61,0.22033898305084745,757900,6.148693499304354,758093,-0.1135413921624422,-14691.774751288138,12849.033898305084,59,0.01968811171129346,0.05951431393623352
12634,116.06418395996094,0.0003,61,0.21666666666666667,772900,1.0559975833445787,773093,-0.22819239735603333,-14915.038457633336,12884.883333333333,60,0.021189508344978094,0.059236783534288406
12880,116.35365371704101,0.0003,61,0.21311475409836064,787900,3.4344397404417397,788093,0.5525200774520636,-15098.911291409839,12919.557377049181,61,0.021624074019491672,0.0595131441950798
13126,115.42361564636231,0.0003,61,0.20967741935483872,802900,5.764950524829328,803093,-0.3287956128269434,-15121.390499516134,12953.112903225807,62,0.024954567905515434,0.060400206595659256
13353,114.57207656860352,0.0003,61,0.2222222222222222,816700,1.0582494473829867,816878,0.25743395298719407,-14912.335310523815,12966.317460317461,63,0.02945292854681611,0.061458755284547806
13520,113.88983779907227,0.0003,61,0.234375,827000,0.16554017793387174,827122,0.1805305989086628,-14755.284903265627,12923.78125,64,0.024090337064117194,0.061795808374881744
13767,114.38204223632812,0.0003,61,0.23076923076923078,842000,1.0857280201092363,842122,-0.48776512533426286,-14899.125131553848,12955.723076923077,65,0.017545314449816943,0.06186569482088089
13845,114.04677642822266,0.0003,61,0.24242424242424243,846800,0.604411291591823,846901,0.34744813524186613,-14683.355920909093,12831.833333333334,66,0.01800410697236657,0.06164288893342018
13895,113.30739891052247,0.0003,61,0.2537313432835821,849800,0.04298516120761633,849951,-0.27155827343463895,-14471.528862149255,12685.835820895523,67,0.017577848192304374,0.06149908900260925
13963,112.91293640136719,0.0003,61,0.2647058823529412,853900,0.482107449285686,854071,0.19836684107780456,-14268.872333838237,12559.867647058823,68,0.01930544674396515,0.06146073341369629
14103,113.90998550415038,0.0003,61,0.2753623188405797,862400,0.5863518826104701,862594,0.0795507349818945,-14200.556801507248,12501.36231884058,69,0.01651536436751485,0.06182056665420532
14227,113.62311363220215,0.0003,61,0.2857142857142857,870000,0.40974880758672955,870185,-0.39193082205951213,-14059.230271957145,12431.214285714286,70,0.015871498025953768,0.062055278569459915
14380,112.73998573303223,0.0003,61,0.29577464788732394,879300,2.454603747539222,879495,0.3990298409759998,-13932.9810521831,12387.25352112676,71,0.013958203252404927,0.061604633927345276
14623,111.78589561462402,0.0003,61,0.3055555555555556,894100,0.29121655981987715,894279,-0.1488032515347004,-13888.879082125,12420.541666666666,72,0.010852923905476928,0.06088261306285858
14662,110.92427932739258,0.0003,61,0.3150684931506849,896500,2.6681163460575044,896641,0.33253468349576,-13723.89480860274,12282.753424657534,73,0.011857896819710731,0.0605870820581913
14705,111.36322952270508,0.0003,61,0.32432432432432434,899100,2.15898285061121,899255,-0.43641811586916446,-13573.006627364864,12152.094594594595,74,0.010762436138466001,0.0602027028799057
14732,111.45126159667969,0.0003,61,0.3333333333333333,900700,0.855996787585318,900884,0.2162647293508053,-13402.066518733332,12011.786666666667,75,0.009853395577520132,0.05998150631785393
14766,111.01274223327637,0.0003,61,0.34210526315789475,902800,0.800415709502995,902996,0.7225047995150089,-13240.53264373684,11881.526315789473,76,0.010402838056907058,0.059800758957862854
14818,110.78583244323731,0.0003,61,0.35064935064935066,906000,0.6875243509933352,906117,0.6822099573910236,-13100.536443740259,11767.753246753247,77,0.011825644299387933,0.059505198150873184
14935,110.52090034484863,0.0003,61,0.358974358974359,913100,1.1756549402698875,913248,0.13459065966308117,-13027.971899256409,11708.307692307691,78,0.01451456367969513,0.05944503843784332
14948,111.7208179473877,0.0003,61,0.3670886075949367,913900,2.3436393362656234,914062,0.11671722784638405,-12865.53541356962,11570.405063291139,79,0.015159827060997486,0.05943306162953377
15093,111.03462615966797,0.0003,61,0.375,922700,0.7380446286872029,922873,0.2564254705607891,-12789.9678918875,11535.9125,80,0.010646421182900666,0.059286799281835556
15157,109.98536911010743,0.0003,61,0.38271604938271603,926600,1.3198155439831316,926770,0.5145913148671388,-12662.326563333334,11441.604938271605,81,0.012784450706094503,0.05929016321897507
15403,110.84799072265625,0.0003,61,0.3780487804878049,941600,0.769154576100409,941770,-0.7871248072385788,-12758.276484829268,11485.0,82,0.013778272988274694,0.059572119265794754
15649,113.71607002258301,0.0003,61,0.37349397590361444,956600,1.105776254106313,956770,0.24826916612684727,-13171.899342578314,11527.349397590362,83,0.013555223802104593,0.060481321066617966
15894,112.87853302001953,0.0003,61,0.36904761904761907,971600,3.1154765621200204,971770,-0.4126704166084528,-13181.653269654764,11568.690476190477,84,0.013419390572234988,0.06187475845217705
16141,113.53932342529296,0.0003,61,0.36470588235294116,986600,1.9943765545263887,986770,0.0013476427644491195,-13258.09591284706,11609.058823529413,85,0.010657477341592312,0.06325764954090118
16388,115.24710098266601,0.0003,61,0.36046511627906974,1001600,0.12794608460739254,1001770,-0.05486710723489523,-13511.847869476745,11648.488372093023,86,0.009875875459983944,0.06353072077035904
16397,115.26969184875489,0.0003,61,0.367816091954023,1002200,0.9602918987348675,1002322,0.22401944003999233,-13357.426311908046,11520.942528735632,87,0.009743847707286478,0.06356613337993622
16601,114.6667813873291,0.0003,61,0.375,1014600,5.967239243444055,1014762,-0.00744562491774559,-13283.803505999998,11531.386363636364,88,0.010604230053722859,0.06295054405927658
16847,113.90491119384765,0.0003,61,0.3707865168539326,1029600,9.139921751469373,1029762,-0.4706249855458736,-13245.611343831459,11570.359550561798,89,0.010621080603450538,0.06281481683254242
17031,111.52141304016114,0.0003,61,0.37777777777777777,1040800,0.47836586883291604,1040948,-0.10426588729023933,-13224.302951377778,11566.08888888889,90,0.010885061351582409,0.06357016414403915
17277,112.93508270263672,0.0003,61,0.37362637362637363,1055800,0.036307885758578774,1055948,0.07515354704111815,-13443.450169252746,11603.824175824177,91,0.010142848482355476,0.06317475438117981
17338,111.88324783325196,0.0003,61,0.3804347826086957,1059500,0.06198377583175898,1059675,0.23159773774445058,-13332.780465826087,11518.20652173913,92,0.011142250942066311,0.06296148896217346
17344,112.30880226135254,0.0003,61,0.3870967741935484,1059900,8.675043624341487,1060030,0.20063170924782753,-13189.770864956987,11398.172043010753,93,0.011306688459590077,0.06293084472417831
17346,111.68848098754883,0.0003,61,0.39361702127659576,1060000,0.16941261610016226,1060168,0.7148860383033753,-13049.395531074466,11278.382978723404,94,0.011382007915526628,0.06293465942144394
17437,111.48917129516602,0.0003,61,0.4,1065500,1.294405723530799,1065688,0.10897710859775543,-12952.82083762105,11217.768421052631,95,0.012290910109877587,0.06315554678440094
17448,113.12776954650879,0.0003,61,0.40625,1066200,0.6422367051430047,1066332,-0.08015926361083985,-12818.9945266875,11107.625,96,0.011733138049021364,0.06322549283504486
17462,111.69018180847168,0.0003,61,0.41237113402061853,1067000,0.1783427826873958,1067172,0.2813905195891857,-12689.323574865979,11001.773195876289,97,0.01120993343181908,0.0632329210639
17531,111.55732612609863,0.0003,61,0.41836734693877553,1071200,0.08530103327706456,1071385,0.04547563038766384,-12576.481531010204,10932.5,98,0.013622305411845446,0.06380344927310944
17566,111.33823432922364,0.0003,61,0.42424242424242425,1073300,1.991280669439584,1073486,-0.4454055480659008,-12456.039945838385,10843.29292929293,99,0.011778883803635835,0.0639599859714508
17592,111.81953308105469,0.0003,61,0.43,1074900,2.01801285719499,1075083,0.2543546776473522,-12337.67852013,10750.83,100,0.011442090850323439,0.06399653106927872
17602,111.30026000976562,0.0003,61,0.44,1075500,0.2531492478400469,1075685,-0.32780093111097813,-12197.681376790002,10606.85,101,0.011331196026876569,0.06396365910768509
17659,111.23138061523437,0.0003,61,0.45,1079000,1.4508731630817056,1079101,-0.5166122794896364,-12037.10522876,10491.01,102,0.010820433441549539,0.0640762597322464
17905,112.04352935791016,0.0003,61,0.45,1094000,0.8787091981619597,1094101,0.041568603962659836,-12171.968627689997,10491.01,103,0.013717974582687021,0.06386249512434006
18029,111.32371650695801,0.0003,61,0.46,1101500,0.041063178516924384,1101694,-0.035027613937854765,-11887.68067077,10416.94,104,0.013234134837985039,0.06408803910017014
18050,111.05750053405762,0.0003,61,0.47,1102800,6.8130101569741965,1102942,-0.20656440511345864,-11813.29087049,10279.42,105,0.013439653404057027,0.06425072997808456
18207,109.39477592468262,0.0003,61,0.48,1112400,0.7065772397257387,1112573,0.5476167704164981,-11755.836220040002,10225.73,106,0.014019396621733904,0.06514081358909607
18278,108.57634574890136,0.0003,61,0.49,1116700,0.6297494675405324,1116860,-0.3892590886354446,-11418.860659940001,10118.6,107,0.013706400338560343,0.06542482227087021
18525,105.79678977966309,0.0003,61,0.48,1131700,0.04382220383733511,1131860,-0.14815370850265025,-11428.55921715,10232.63,108,0.012627444704994559,0.06409823149442673
18771,105.4262538909912,0.0003,61,0.48,1146700,0.3825938875041902,1146860,0.11138640783727169,-11181.204364259997,10232.63,109,0.01137926652096212,0.06369343400001526
18786,106.21746368408203,0.0003,61,0.49,1147700,1.3978833482973279,1147827,0.03237250335514545,-11143.905777689999,10092.3,110,0.011763718789443373,0.06366503983736038
19033,108.18989814758301,0.0003,61,0.49,1162700,4.0767570840939875,1162827,0.6111633622646332,-11299.496942629998,10092.3,111,0.01321861588396132,0.0641501247882843
19057,108.2079320526123,0.0003,61,0.5,1164100,2.698926394432783,1164287,-0.7139843975752592,-11218.554979890001,9956.9,112,0.013771586073562502,0.06425495445728302
19146,107.69478538513184,0.0003,61,0.51,1169600,1.1325264450162649,1169758,0.2703626457229257,-11161.80399606,9861.61,113,0.014250943232327699,0.06439532339572906
19169,107.8390625,0.0003,61,0.52,1171000,5.307799555491656,1171195,0.10523631848394871,-11024.959522140001,9725.98,114,0.013015572661533952,0.06441176682710648
19176,108.54383071899414,0.0003,61,0.53,1171400,2.189936342202127,1171532,-0.09802430540323258,-10921.62837151,9579.35,115,0.012874077763408423,0.06439603865146637
19422,108.92567443847656,0.0003,61,0.53,1186400,1.5831118981167673,1186532,-0.38608279824256897,-10765.561143739998,9579.35,116,0.01294623794965446,0.06435084342956543
19598,107.9267951965332,0.0003,61,0.54,1197100,6.06842760656029,1197241,-0.03673239707946777,-10558.579100720002,9536.44,117,0.012808278845623135,0.06436242908239365
19845,109.54916389465332,0.0003,61,0.54,1212100,2.3025453787855805,1212241,1.189480433613062,-10579.94513605,9536.44,118,0.011730659184977413,0.06401427835226059
20063,108.3642259979248,0.0003,61,0.55,1225400,0.8906201327964663,1225556,0.14448623329401017,-10215.269156370001,9519.59,119,0.010295112989842892,0.0645873099565506
20126,107.8942970275879,0.0003,61,0.55,1229300,3.8864926488883795,1229441,0.6425839646160603,-10221.84276712,9465.78,120,0.012459697583690286,0.06468687951564789
20373,110.06050086975098,0.0003,61,0.55,1244300,3.384379530120641,1244441,0.4442228254675865,-10587.874825680003,9465.78,121,0.012049611797556281,0.06515207886695862
20603,109.50385627746581,0.0003,61,0.56,1258300,0.5346545097418129,1258457,-1.0677644623816014,-10545.54868247,9455.94,122,0.012916818922385574,0.06539585441350937
20628,109.44514617919921,0.0003,61,0.57,1259800,0.9186797823384404,1259979,-0.8325577491521835,-10203.2069057,9321.16,123,0.011356638455763459,0.06526631116867065
20638,109.74960777282715,0.0003,61,0.58,1260400,0.33198619747534397,1260589,0.2437340372800827,-10078.24926311,9177.26,124,0.011231537349522114,0.0652020275592804
20672,109.06226554870605,0.0003,61,0.58,1262500,4.414523076973856,1262605,-1.2211890673637391,-10084.408745319999,9142.12,125,0.010509478943422437,0.06499817967414856
20696,109.1049267578125,0.0003,61,0.59,1263900,8.159250221308321,1264061,-0.579464144334197,-9977.88810347,9006.68,126,0.009702925905585288,0.0650128498673439
20868,106.1522045135498,0.0003,61,0.6,1274400,2.2213663758710025,1274514,-0.04745051898062229,-9909.99409769,8961.21,127,0.008650762168690563,0.06473895162343979
20926,105.98206657409668,0.0003,61,0.61,1277900,0.6786147031188011,1278054,-1.305439767241478,-9826.93375788,8846.61,128,0.009930071886628866,0.06500793248414993
21002,106.72123481750488,0.0003,61,0.62,1282500,0.9853695037774741,1282624,0.036160525530576706,-9790.10945363,8742.31,129,0.00833278788253665,0.06509082764387131
21118,105.83528533935547,0.0003,61,0.63,1289600,0.40978504694998263,1289701,-0.14747027836740018,-9815.516866099999,8663.08,130,0.008629418639466167,0.06540237367153168
21177,105.48267028808594,0.0003,61,0.64,1293200,1.6226052828878164,1293384,-0.3254608803242445,-9572.4324813,8549.91,131,0.010047963401302696,0.06547480076551437
21199,105.95768371582031,0.0003,61,0.65,1294500,0.9441932284832001,1294689,0.30294587787240745,-9408.821836420002,8412.96,132,0.01030424002557993,0.06545254588127136
21250,105.0429987335205,0.0003,61,0.66,1297600,0.6634529583901166,1297778,-0.17190973170101642,-9184.100468110002,8293.85,133,0.009953387640416622,0.065660260617733
21266,105.66051643371583,0.0003,61,0.67,1298600,0.3513853452913463,1298766,-0.07309993132948875,-9060.091577220002,8153.73,134,0.010080496342852711,0.06572752445936203
21283,104.98287452697754,0.0003,61,0.68,1299600,2.539435772970319,1299787,-1.0737446357309819,-8952.538466240001,8013.94,135,0.009539016922935843,0.06579809635877609
21292,105.6564956665039,0.0003,61,0.69,1300200,0.3896108804643154,1300317,-0.15215318843722345,-8791.35486766,7869.24,136,0.009306579139083624,0.06574873626232147
21329,105.0676316833496,0.0003,61,0.7,1302400,3.2823675264418126,1302561,-0.9624963244795799,-8674.453157560001,7741.68,137,0.008539033075794577,0.06563053280115128
21385,105.23611419677735,0.0003,61,0.7,1305800,3.0040859409980474,1305995,-0.1614123760163784,-8639.46621373,7664.82,138,0.008074432564899325,0.06569016724824905
21411,104.89516311645508,0.0003,61,0.71,1307400,2.915832566656172,1307583,0.1485043802857399,-8400.225349980003,7530.7,139,0.008247791035100817,0.06574468314647675
21426,105.46196228027344,0.0003,61,0.72,1308300,1.183887103293091,1308465,0.17824504882097245,-8265.907806070003,7389.52,140,0.008676595604047179,0.06570654362440109
21446,104.80371086120606,0.0003,61,0.73,1309500,1.6095589270442725,1309651,0.2589076832681894,-8129.556568560002,7251.38,141,0.00928589372895658,0.06568162143230438
21470,104.35087135314942,0.0003,61,0.73,1311000,0.7764612998999655,1311135,0.17141393043100833,-8102.98801542,7186.23,142,0.009968960592523217,0.06573934108018875
21530,104.21296516418457,0.0003,61,0.73,1314600,0.8981238558515906,1314749,-0.17899281673133374,-8108.74461442,7125.65,143,0.011866957060992717,0.06592297554016113
21545,103.73208953857421,0.0003,61,0.73,1315500,4.039231004007161,1315638,-0.9879998543858528,-8110.11564631,7119.43,144,0.011358064254745842,0.06597597897052765
21673,104.2351498413086,0.0003,61,0.74,1323300,0.728236500993371,1323401,-0.20052866280078888,-7949.16794542,7047.06,145,0.011504053976386786,0.06634645909070969
21721,103.45119529724121,0.0003,61,0.75,1326200,2.7787987840920687,1326358,-0.8778670372068882,-7703.23617414,6926.63,146,0.009709821809083223,0.06643678992986679
21775,103.94171112060548,0.0003,61,0.75,1329500,1.1174064767546952,1329653,-1.137929119206965,-7733.770548200001,6932.88,147,0.006364321024157107,0.06675031781196594
21932,104.46069046020507,0.0003,61,0.76,1339000,2.944679034948349,1339141,0.05127378940582275,-7632.496482000001,6877.76,148,0.008763951836153866,0.0666513592004776
21951,103.92759162902831,0.0003,61,0.76,1340200,0.3331622203998268,1340316,-1.3789707084745169,-7558.790576850001,6780.66,149,0.008486138358712196,0.06680703908205032
22112,105.26856819152832,0.0003,61,0.77,1350000,3.2967528784275055,1350163,0.15321424439549447,-7511.737024560001,6729.13,150,0.006982900970615447,0.06680786609649658
22133,104.3351505279541,0.0003,61,0.77,1351300,0.7733645585924387,1351468,0.15878273129463197,-7513.87435525,6714.22,151,0.007040789439342916,0.06678760796785355
22192,104.34375930786133,0.0003,61,0.78,1354900,3.0748965396545827,1355008,0.5106054502725601,-7431.12323409,6599.62,152,0.008286960255354643,0.06687187403440475
22297,104.33614723205567,0.0003,61,0.79,1361300,0.10457654679194092,1361408,-0.03705978006124497,-7355.5427301,6513.62,153,0.007353527159430087,0.06670625507831573
22543,105.54186264038086,0.0003,61,0.78,1376300,0.23240442160516978,1376408,-1.1930396355688573,-7570.13816624,6656.7,154,0.009020226020365953,0.06692258268594742
22592,106.49854095458984,0.0003,61,0.78,1379300,1.7085888461768628,1379401,0.556531376838684,-7578.266195699998,6684.73,155,0.008350518709048628,0.06698370724916458
22771,106.63114227294922,0.0003,61,0.79,1390200,3.1025114114396275,1390339,0.09488080859184266,-7583.8312799,6644.11,156,0.010227518016472458,0.0676831379532814
22887,107.06239814758301,0.0003,61,0.8,1397200,1.270648437347263,1397358,-0.0258888291195035,-7417.628171110001,6564.3,157,0.007914375793188811,0.06851539760828018
22896,106.68110877990722,0.0003,61,0.81,1397800,1.8605589155852795,1397936,0.4828347221016884,-7161.98045828,6420.08,158,0.00751058837864548,0.06853999942541122
22948,106.09871528625489,0.0003,61,0.81,1400900,0.25715440314263105,1401057,0.04658026516437531,-7172.284817480001,6429.64,159,0.00835242056287825,0.06847914308309555
23023,108.16664001464844,0.0003,61,0.82,1405400,0.3064865705743432,1405593,0.7132788580656052,-6931.8639809100005,6325.0,160,0.008315405389294029,0.06846930831670761
23042,107.19136306762695,0.0003,61,0.83,1406600,0.7694976328313351,1406770,0.9171098901331425,-6672.978388930001,6186.77,161,0.008227311754599214,0.06851500272750854
23075,106.3110343170166,0.0003,61,0.84,1408600,0.3059954109787941,1408723,-0.9593995913863183,-6519.158272400001,6056.3,162,0.008031875127926469,0.06846916675567627
23113,106.41978439331055,0.0003,61,0.84,1410900,1.1935765609517694,1411002,0.43152447037398817,-6513.527035720002,5941.24,163,0.009979740045964717,0.06826645135879517
23176,106.89014099121094,0.0003,61,0.84,1414700,1.901960742417723,1414808,-1.1611966883391143,-6490.9300054000005,5876.86,164,0.00747866990044713,0.06792156398296356
23195,106.93664283752442,0.0003,61,0.85,1415900,1.3008162010274829,1416009,-0.23691882878541948,-6252.89737275,5738.87,165,0.006719293710775673,0.06786666810512543
23219,107.2883290863037,0.0003,61,0.85,1417300,0.3041020873654634,1417448,-0.4320117981731892,-6255.5471739899995,5705.47,166,0.006081733824685216,0.067805215716362
23265,107.41539131164551,0.0003,61,0.85,1420100,0.8395499708689749,1420282,-0.11226049646735191,-6258.785281249997,5703.31,167,0.006386586395092308,0.06785134226083755
23286,106.67385475158692,0.0003,61,0.85,1421400,1.6061188340373338,1421599,1.021836457401514,-6255.168325319998,5675.28,168,0.00684568163473159,0.06801488250494003
23388,106.0948642730713,0.0003,61,0.85,1427600,1.2190412875264882,1427709,0.1454206694662571,-6187.341847979999,5651.15,169,0.00822882995940745,0.06846771389245987
23430,106.235620803833,0.0003,61,0.85,1430100,0.061596737541258335,1430298,0.13563065737485885,-6163.0593969500005,5601.13,170,0.007806440712884068,0.06857260316610336
23459,106.61291397094726,0.0003,61,0.85,1431900,0.7801330838911236,1432002,0.7136045131087303,-6119.627893790001,5525.07,171,0.0081936199311167,0.06851377338171005
23472,105.76202262878418,0.0003,61,0.85,1432700,3.4505507790111007,1432858,1.2049091113358736,-6014.16241444,5385.79,172,0.00887941556982696,0.06854427605867386
23487,106.36901321411133,0.0003,61,0.85,1433600,3.154096712730825,1433716,1.4735127720236778,-5997.819160830001,5370.75,173,0.009804012142121793,0.06852883845567703
23537,104.48850379943848,0.0003,61,0.85,1436600,0.22605554400011896,1436788,-0.6851971440762281,-5992.262813210001,5375.33,174,0.012706184908747673,0.06878544390201569
23576,105.58771507263184,0.0003,61,0.85,1439000,0.9487372374907136,1439165,-1.3710547816753387,-6008.02041988,5382.81,175,0.009426637450233102,0.06887388229370117
23594,105.19999450683594,0.0003,61,0.85,1440100,2.405903870295733,1440235,-0.4477692037820816,-6001.601615220001,5372.39,176,0.008491238402202726,0.06882688403129578
23606,104.31521995544433,0.0003,61,0.85,1440800,1.2934224150329827,1440949,-0.4729867931455374,-5978.819950820001,5348.32,177,0.008332005813717841,0.06877785921096802
23623,105.80071853637695,0.0003,61,0.85,1441800,5.9428604130260645,1441952,-0.6679628576338291,-5908.96558031,5287.04,178,0.007995733646675945,0.06877244263887405
23868,104.25157463073731,0.0003,61,0.84,1456800,0.27610457215458156,1456952,0.32850233137607576,-6023.31333386,5428.9,179,0.00887428612448275,0.06952553987503052
23910,103.7972444152832,0.0003,61,0.84,1459300,1.0166816360875963,1459462,-0.1957898423075676,-5971.35593741,5365.89,180,0.008109754649922252,0.06974446773529053
23928,103.47315437316894,0.0003,61,0.84,1460400,3.6542976976092905,1460519,-0.6584527769684791,-5950.1201851900005,5337.49,181,0.007551856660284102,0.06971099227666855
23982,103.19655326843262,0.0003,61,0.85,1463700,1.23935541940853,1463873,0.7881344433128834,-5773.210842040001,5221.03,182,0.008786402950063348,0.06994287669658661
24058,103.36008735656738,0.0003,61,0.86,1468300,0.18354804164730013,1468483,-0.4482163829356432,-5343.9445236,5117.13,183,0.008979249065741896,0.0700446367263794
24069,102.33666702270507,0.0003,61,0.87,1469000,1.8869309421814977,1469169,0.47318622909486296,-5205.29635433,4973.99,184,0.009074426675215363,0.0700298473238945
24133,103.3719157409668,0.0003,61,0.88,1472900,0.7143959926068782,1473070,-1.2235760091990233,-5040.3380558,4863.0,185,0.009111869456246495,0.0697837620973587
24145,103.4886840057373,0.0003,61,0.89,1473700,2.008876730725169,1473821,-0.3998753125965595,-4691.053773440001,4720.51,186,0.008524214057251811,0.06967504322528839
24161,103.39168182373047,0.0003,61,0.89,1474600,0.8094765440933407,1474760,-0.2320709705352783,-4694.494423550001,4724.38,187,0.008240563357248902,0.06961806118488312
24169,103.77070716857911,0.0003,61,0.89,1475100,2.4108803905826064,1475254,-0.37036017023026946,-4626.647340760001,4604.92,188,0.008088621683418751,0.06958696246147156
24215,102.80954978942871,0.0003,61,0.9,1477900,0.9663502035290003,1478089,-0.18031149342656136,-4547.24796433,4483.27,189,0.007787180757150054,0.06943964958190918
24222,102.64774925231933,0.0003,61,0.9,1478300,1.6071381999924779,1478485,-0.9257073287665843,-4434.732735040001,4375.37,190,0.00778672399930656,0.06945007294416428
24240,102.87838111877441,0.0003,61,0.91,1479400,2.742675601169467,1479588,0.7737008918821812,-4108.53192448,4236.4,191,0.00791853116825223,0.06943093240261078
24304,103.85133041381836,0.0003,61,0.91,1483300,2.053489386793226,1483455,-0.40732055738568307,-4133.2819977300005,4237.8,192,0.008924297047778964,0.06955578178167343
24330,103.27184646606446,0.0003,61,0.91,1484900,0.39809289198368786,1485073,-0.2537048453092575,-4144.424512139999,4250.43,193,0.008522072732448578,0.06954097747802734
24402,103.89738784790039,0.0003,61,0.91,1489300,0.5591204888187349,1489443,-0.8159600679576396,-4193.973474150001,4292.75,194,0.006971954763866961,0.06961774080991745
24424,102.7209895324707,0.0003,61,0.91,1490600,0.18484073339030146,1490760,0.6634298355132341,-4163.03551688,4250.72,195,0.006965663945302367,0.06960360705852509
24451,103.70123443603515,0.0003,61,0.91,1492300,6.400662082284689,1492414,1.0517986029386521,-4168.75300935,4260.82,196,0.008042842401191592,0.0696721002459526
24555,104.03456237792969,0.0003,61,0.91,1498600,0.8646043004281819,1498735,-0.7165762161463499,-4249.61777451,4315.63,197,0.00782600861042738,0.06988115608692169
24594,103.8721117401123,0.0003,61,0.91,1500900,5.627441314943135,1501091,0.20471478879451752,-4248.84653621,4297.06,198,0.00793140741996467,0.06992785632610321
24625,102.90960609436036,0.0003,61,0.91,1502800,2.6797908113524316,1502980,0.8361769473552704,-4257.810041389999,4294.94,199,0.008681125491857528,0.07000643759965897
24641,102.84367156982422,0.0003,61,0.91,1503800,1.080022680722177,1503974,0.9835034845024347,-4255.31923267,4288.91,200,0.009575748099014163,0.06985495239496231
24888,104.4206086730957,0.0003,61,0.9,1518800,0.9999138129130006,1518974,0.5319088152050973,-4568.161111580001,4432.89,201,0.007842533318325877,0.06936852633953094
25135,106.08375244140625,0.0003,61,0.89,1533800,3.446433806531131,1533974,-0.17123540483415126,-4888.358941570001,4548.73,202,0.01072893775999546,0.06964121758937836
25146,106.85690727233887,0.0003,61,0.9,1534500,0.3854570607095957,1534602,-0.5179353665560484,-4500.521424619999,4405.01,203,0.010373865002766252,0.06964030116796494
25309,106.72959144592285,0.0003,61,0.9,1544400,2.526543336957693,1544583,1.2001142700016498,-4566.8123535800005,4428.89,204,0.008077098624780774,0.06941413879394531
25434,105.64086219787598,0.0003,61,0.9,1552100,0.22527004977688192,1552235,-0.7994991489499808,-4649.67205005,4492.93,205,0.009803175125271082,0.06949564069509506
25443,105.41588653564453,0.0003,61,0.9,1552600,0.8374339346773922,1552712,0.058838293179869654,-4620.09913128,4401.39,206,0.00964218094944954,0.06947868317365646
25453,105.71832336425781,0.0003,61,0.9,1553200,2.001184920091182,1553321,0.40663965716958045,-4599.34451204,4364.61,207,0.009688580743968486,0.06947095692157745
25699,106.09200424194336,0.0003,61,0.9,1568200,1.1189122791588306,1568321,-1.528841684386134,-4832.47413342,4364.61,208,0.011291659967973829,0.06969716399908066
25723,106.07927673339844,0.0003,61,0.91,1569600,0.947642803490162,1569751,-0.9697523691505193,-4695.83600536,4228.91,209,0.01013113153167069,0.06966433674097061
25734,106.08049369812012,0.0003,61,0.91,1570300,0.6419444450177252,1570452,-0.6458947422355413,-4693.735369270001,4226.25,210,0.010137852095067502,0.06967588514089584
25755,105.52210998535156,0.0003,61,0.92,1571600,0.6648268042318523,1571713,0.2050091429054737,-4382.2895849000015,4088.86,211,0.010199313396587967,0.0696789026260376
25782,104.74270790100098,0.0003,61,0.92,1573200,3.718790700621903,1573326,-0.2112724094837904,-4382.78394429,4090.39,212,0.010684282332658768,0.0697237178683281
25823,106.65090263366699,0.0003,61,0.92,1575700,1.0764882072806359,1575880,0.3165297119319439,-4373.232092220001,4061.22,213,0.01086599019356072,0.0697324126958847
25933,106.91656929016114,0.0003,61,0.92,1582400,0.7797025108337402,1582582,0.07298791855573654,-4463.377427869999,4113.87,214,0.013626015819609165,0.07008568197488785
25992,106.16140365600586,0.0003,61,0.92,1586000,0.6137151062302292,1586140,0.016221539676189424,-4504.2365348,4146.08,215,0.01113198159262538,0.07008761167526245
26238,109.9337897491455,0.0003,61,0.92,1601000,3.090741474330425,1601140,1.5625594145059585,-4580.72733113,4146.08,216,0.008273294027894736,0.06998596340417862
26288,110.35605369567871,0.0003,61,0.92,1604000,0.3223501824215054,1604168,0.5619751760363578,-4594.241038210001,4069.27,217,0.008216314110904932,0.06979868561029434
26304,109.2891236114502,0.0003,61,0.93,1605000,0.38628931557759644,1605178,-0.2733708211034536,-4455.20275398,3929.37,218,0.008478175848722458,0.0697379857301712
26348,109.41873962402343,0.0003,61,0.93,1607700,1.9611220192722976,1607831,0.5841878199577332,-4351.61333444,3822.75,219,0.0075051456084474924,0.06937842071056366
26352,108.99799064636231,0.0003,61,0.93,1607900,1.3525110556185245,1608052,1.1973771911859512,-4331.27116678,3786.11,220,0.007595819761045277,0.06936801970005035
26391,109.57414054870605,0.0003,61,0.94,1610300,1.4331568098068237,1610485,1.5279956316947938,-3824.61056455,3660.44,221,0.012685076147317887,0.06956373900175095
26456,109.77321083068847,0.0003,61,0.94,1614300,0.581827474348247,1614416,-1.556825878843665,-3764.3946270700003,3559.59,222,0.013062061062082648,0.0700676366686821
26562,109.7786262512207,0.0003,61,0.94,1620700,0.8884721370786428,1620813,-0.723838512673974,-3845.8791785699996,3608.34,223,0.006503636883571744,0.06985069811344147
26662,108.85278800964356,0.0003,61,0.94,1626800,2.590886446237564,1626988,3.1759197402000425,-3918.11519471,3663.99,224,0.010241887783631682,0.06940507143735886
26704,109.02560173034668,0.0003,61,0.94,1629300,1.1960521171428262,1629480,0.6144311331957578,-3919.51864563,3668.75,225,0.015616619950160384,0.06979003548622131
26737,108.20035148620606,0.0003,61,0.94,1631300,1.9518410581536592,1631472,-0.5438362572342157,-3930.706096,3674.11,226,0.01601670026779175,0.07023069262504578
26762,107.81533340454102,0.0003,61,0.94,1632800,1.5355793157219886,1632975,-1.5707038144022227,-3865.34722572,3584.61,227,0.01368770120665431,0.07030452787876129
26786,108.2949853515625,0.0003,61,0.94,1634300,0.7396067148819566,1634442,-0.34230578914284704,-3840.9607131599996,3563.88,228,0.011891582980751991,0.07021977007389069
26842,107.94024818420411,0.0003,61,0.94,1637700,0.5200242940243334,1637801,-0.2764157858490944,-3844.672456959999,3551.77,229,0.008477686680853367,0.06999505311250687
26900,107.499931640625,0.0003,61,0.94,1641200,0.6426323824003339,1641352,-1.8784185449033977,-3840.7256191299994,3516.51,230,0.006644549565389752,0.07003525644540787
26919,107.72286483764648,0.0003,61,0.94,1642400,3.3440058760717513,1642522,1.4592009559646248,-3815.56246849,3491.38,231,0.006929273162968457,0.07000361382961273
26933,107.70973609924316,0.0003,61,0.94,1643200,2.8504818627797066,1643358,1.018529301956296,-3811.69354174,3486.69,232,0.007592923445627093,0.06997864693403244
27020,107.09772842407227,0.0003,61,0.94,1648500,0.42725171396508815,1648644,-1.6645498590171337,-3858.2811253,3508.66,233,0.006590829766355455,0.0700792744755745
27031,107.23070343017578,0.0003,61,0.94,1649200,1.7560245634801686,1649302,-1.5391589628905058,-3856.2886841400004,3505.36,234,0.005825198511593044,0.07003488391637802
27067,106.69048568725586,0.0003,61,0.94,1651300,0.6160831940546632,1651492,0.43260384202003477,-3866.3771825700005,3517.05,235,0.005644395281560719,0.06991276890039444
27080,106.98134826660156,0.0003,61,0.94,1652100,2.8375505738705398,1652300,0.6293689926713705,-3868.5092702800007,3519.83,236,0.005909692835994065,0.06984138488769531
27129,106.6029224395752,0.0003,61,0.94,1655100,1.4803521329164504,1655289,0.8544432605803013,-3877.33184522,3527.28,237,0.007594098756089807,0.06978670507669449
27150,105.53839294433594,0.0003,61,0.94,1656400,2.404199336376041,1656534,2.4813642756640912,-3849.3040249,3505.39,238,0.008753621261566877,0.06974943727254868
27204,106.48729507446289,0.0003,61,0.94,1659700,4.521867868453264,1659892,-0.9087246247380972,-3862.15416387,3523.09,239,0.0068417469738051295,0.0696774572134018
27208,106.79159431457519,0.0003,61,0.94,1659900,0.946132753174752,1660098,-1.4873865301162004,-3858.86878456,3516.33,240,0.006697797952219844,0.06965156644582748
27255,106.20377029418945,0.0003,61,0.94,1662800,0.3511016795132309,1662916,-0.19880457349121572,-3891.51869638,3532.65,241,0.005269269924610853,0.06955832242965698
27502,107.74694229125977,0.0003,61,0.93,1677800,0.26299810014665126,1677916,0.5031294071674347,-4206.940931370001,3667.81,242,0.006165145500563085,0.06934911012649536
27528,107.97724449157715,0.0003,61,0.93,1679400,1.1781444037891924,1679524,0.557623633146286,-4197.81404199,3647.75,243,0.007020159098319709,0.06932079792022705
27599,107.0388321685791,0.0003,61,0.93,1683700,0.805388995911926,1683890,0.3794145682454109,-4261.98925535,3682.52,244,0.008962385328486562,0.06942414492368698
27638,106.98191772460937,0.0003,61,0.93,1686100,1.104469511192292,1686250,1.8616328571736813,-4142.96153085,3628.49,245,0.011073541482910515,0.06945285201072693
27647,107.69509468078613,0.0003,61,0.93,1686600,1.0168505209125578,1686775,-0.274203816652298,-4121.049217180001,3604.17,246,0.011668709842488169,0.06948389858007431
27729,106.63228523254395,0.0003,61,0.93,1691600,0.7519258949160575,1691776,-0.4548675660043955,-4139.57204307,3621.23,247,0.010529306596145033,0.0697028860449791
27750,107.4675373840332,0.0003,61,0.93,1692900,0.6014742481894791,1693085,0.16417794547975062,-3984.91419198,3539.44,248,0.010596704380586743,0.06970521807670593
27843,106.81029434204102,0.0003,61,0.93,1698500,1.053941771686077,1698694,0.4048600460961461,-4007.1326603799994,3583.78,249,0.00975984152406454,0.06969499588012695
27876,106.95876647949218,0.0003,61,0.93,1700500,2.283580597061664,1700697,-1.0627205019444228,-3853.95800554,3505.34,250,0.007908133044838905,0.06963256746530533
27978,106.54922370910644,0.0003,61,0.93,1706700,0.5613528019189835,1706894,-0.5572142147272825,-3862.07880635,3554.26,251,0.009898350751027464,0.0696084201335907
28199,109.28291473388671,0.0003,61,0.93,1720200,3.429567757192999,1720369,2.6464076824486256,-4034.9638074599998,3653.61,252,0.006445850157178939,0.06948196887969971
28211,109.07380271911622,0.0003,61,0.93,1720900,2.4452582482807337,1721089,1.3196957483887672,-3993.2564638999993,3596.81,253,0.0074508582660928364,0.06944749504327774
28233,107.74320442199706,0.0003,61,0.94,1722200,3.79278616566211,1722395,1.76631662145257,-3785.10831878,3459.87,254,0.008701183581724763,0.0694538801908493
28252,109.22181182861328,0.0003,61,0.94,1723400,1.3050267377868294,1723562,-0.4300380875170231,-3780.140022359999,3441.61,255,0.01020488071255386,0.06949524581432343
28268,109.30722084045411,0.0003,61,0.94,1724400,0.5557877985201776,1724514,-0.8232867162674665,-3662.97448726,3341.75,256,0.01010247392579913,0.06958452612161636
28321,108.4303645324707,0.0003,61,0.94,1727600,0.3562380939442664,1727738,-0.3465478539466858,-3608.2189941899996,3303.8,257,0.007163217337802052,0.06963123381137848
28338,107.14155822753906,0.0003,61,0.94,1728600,1.1744900098163635,1728780,0.21811856731772422,-3610.57036368,3308.44,258,0.006575144440867007,0.06959912925958633
28421,107.12761123657226,0.0003,61,0.94,1733600,0.5029559238255024,1733794,0.9129497334361076,-3599.03272427,3327.37,259,0.006469519725069404,0.06966869533061981
28438,107.63748580932617,0.0003,61,0.94,1734700,0.30872613401152194,1734819,0.41166286684572695,-3563.5241719600003,3292.26,260,0.00791543343104422,0.06968477368354797
28531,107.49759353637695,0.0003,61,0.94,1740300,3.5098717855475843,1740459,-0.8793526669591665,-3629.8177765899995,3336.89,261,0.007197063099592924,0.06992904841899872
28550,107.03452896118164,0.0003,61,0.94,1741500,1.6089502712897956,1741622,-0.9355170983076095,-3624.99727548,3328.99,262,0.006890892200171948,0.06997483968734741
28577,107.4215283203125,0.0003,61,0.94,1743100,0.4197408253978938,1743250,0.267314256131649,-3621.3464799999997,3322.48,263,0.00642536305822432,0.06996988505125046
28595,106.0501545715332,0.0003,61,0.94,1744200,1.2592372705508024,1744344,-1.1372348067164422,-3598.9938303699996,3295.36,264,0.006226896359585225,0.06997509300708771
28656,106.7430224609375,0.0003,61,0.94,1747900,3.022998746242374,1748066,0.5441219419240951,-3634.715653,3320.57,265,0.0073019486293196675,0.06989319622516632
28669,106.57724555969239,0.0003,60,0.94,1748700,0.8333124859537929,1748827,-0.48511605359613896,-3628.10162457,3313.79,266,0.007235702811740339,0.06994807720184326
28687,106.78520729064941,0.0003,61,0.94,1749800,2.389714033501223,1749968,-1.5435713087767362,-3625.23894921,3296.86,267,0.006660675341263414,0.06997009366750717
28717,106.54695304870606,0.0003,61,0.94,1751600,2.95809702783823,1751768,-1.0698005725443362,-3626.9487785799997,3301.69,268,0.006953784651122987,0.06999918818473816
28734,105.1926075744629,0.0003,61,0.94,1752700,0.5266799565590918,1752840,-0.5090116070955992,-3602.3470649,3251.31,269,0.006782784243114293,0.06999633461236954
28742,105.18276878356933,0.0003,61,0.94,1753200,1.6777193585410715,1753306,1.1157407268881798,-3584.2796401699998,3230.08,270,0.006747078378684819,0.06998514384031296
28762,105.71649238586426,0.0003,61,0.94,1754400,0.5816893915086985,1754552,0.8628128603100776,-3583.2402826199996,3225.5,271,0.007382201077416539,0.06999503821134567
28848,104.66504844665528,0.0003,61,0.94,1759600,0.13520398449152707,1759779,-0.8676030976325273,-3642.6776507199997,3269.21,272,0.0069903818797320124,0.07008086144924164
28934,105.45278251647949,0.0003,60,0.94,1764900,0.8987035009916872,1765010,1.6570403042435646,-3683.59919655,3312.94,273,0.006473596198484302,0.0700404942035675
28956,104.82161827087403,0.0003,60,0.94,1766200,0.13582860940136016,1766349,0.6175846788287163,-3670.8328190199995,3295.61,274,0.006940443366765976,0.070073701441288
28991,103.80563362121582,0.0003,60,0.94,1768300,0.6367283034138381,1768410,1.2719451688230037,-3661.461531339999,3292.45,275,0.007219071234576404,0.07008897513151169
29106,104.32037673950195,0.0003,60,0.94,1775300,1.1415109718218446,1775446,0.06414746552705765,-3763.4651700299996,3352.11,276,0.00821197877638042,0.07006880640983582
29129,103.28926551818847,0.0003,60,0.94,1776700,2.220407438967377,1776873,0.2073577558994293,-3768.570888209999,3359.24,277,0.008057628748938441,0.07011368125677109
29177,103.21187408447265,0.0003,60,0.94,1779600,1.7599077302590012,1779787,-0.06005629405379295,-3790.2869150999995,3378.35,278,0.006232797293923795,0.07004408538341522
29218,103.73706260681152,0.0003,60,0.95,1782100,1.035160697121173,1782202,0.908929633423686,-3684.6975648,3252.5,279,0.006700933068059385,0.06996578723192215
29259,103.50424995422364,0.0003,60,0.95,1784600,1.8239734571427106,1784762,0.9984572811424732,-3695.3630538300004,3253.0,280,0.007900385083630682,0.07000818103551865
29338,102.22666038513184,0.0003,60,0.95,1789400,0.892616398409009,1789589,-0.20545463129878044,-3734.5304519700007,3290.7,281,0.009533392935991288,0.07011996954679489
29348,102.05481140136719,0.0003,60,0.95,1790000,2.1498578547127547,1790162,-0.7305935772508383,-3707.6959235000004,3262.89,282,0.00920634100213647,0.07013612240552902
29371,101.60672645568847,0.0003,60,0.95,1791400,1.1501403408683837,1791584,-0.6431920929253101,-3670.41816492,3231.01,283,0.008117986945435404,0.07014112174510956
29481,101.83688713073731,0.0003,60,0.95,1798100,3.6614702859148385,1798263,1.9698788326978685,-3763.06883149,3290.94,284,0.010815167594701051,0.07002857327461243
29499,101.32712150573731,0.0003,60,0.95,1799200,1.2455920920334755,1799326,0.13232017509639263,-3733.78023424,3262.56,285,0.010291275810450315,0.07010216265916824
29534,102.41864768981934,0.0003,60,0.95,1801300,2.595458908285946,1801413,-1.2154267501831055,-3747.5983039500006,3275.92,286,0.009538740329444408,0.07025211304426193
29578,101.83306610107422,0.0003,60,0.95,1804000,0.756998182637617,1804112,0.1293587487190962,-3764.90914398,3293.52,287,0.008348574647679925,0.07028970122337341
29604,101.8039015197754,0.0003,60,0.95,1805600,1.0601267498359084,1805756,-0.5572482033073902,-3772.9978373300005,3305.02,288,0.008313712365925312,0.07027087360620499
29696,101.88974136352539,0.0003,60,0.95,1811200,1.6436235188879074,1811353,-0.02531807206571102,-3849.45909583,3332.64,289,0.007994111757725478,0.07016445696353912
29724,101.8378515625,0.0003,60,0.95,1812900,3.505724039822817,1813009,0.5918480378389358,-3857.85314801,3345.24,290,0.008284199759364128,0.0702221542596817
29765,101.89345252990722,0.0003,60,0.95,1815400,1.8815986486151814,1815501,-0.666514058560133,-3869.90147035,3359.13,291,0.008553196983411908,0.07026121020317078
29804,102.18006324768066,0.0003,60,0.95,1817700,1.0098068271018565,1817869,0.48473358795046806,-3823.9569252200004,3344.14,292,0.008704680195078253,0.07021460682153702
29823,101.52599800109863,0.0003,60,0.95,1818900,0.3268309868313372,1819057,1.639388235360384,-3818.4333283700003,3339.84,293,0.010785243902355433,0.0702221691608429
29871,103.23694595336914,0.0003,60,0.95,1821800,1.3975316228158772,1821921,0.4914254632592201,-3792.6151901600006,3324.78,294,0.009732495658099652,0.07035890966653824
29904,102.96272499084472,0.0003,60,0.95,1823800,0.17054752075113355,1823994,-1.2837893932312727,-3801.8152424500004,3332.34,295,0.007664171531796455,0.07039088010787964
29963,103.1259334564209,0.0003,60,0.95,1827400,1.2679306073859333,1827582,-0.009526609256863595,-3825.6679418699996,3351.68,296,0.006163104376755654,0.07030986249446869
29984,102.7134285736084,0.0003,60,0.95,1828700,2.86006459755823,1828893,1.4423400436341762,-3747.609328809999,3301.58,297,0.007448890362866223,0.07028023898601532
30010,102.68155876159668,0.0003,60,0.95,1830300,0.9399273966439068,1830425,-0.47495919696986677,-3737.4247258099995,3293.34,298,0.006843228205107152,0.07029176503419876
30051,102.22980880737305,0.0003,60,0.95,1832800,1.3164006189629436,1832947,0.7066386510431767,-3750.01495279,3299.67,299,0.006387962331064046,0.07022249698638916
30100,103.08380630493164,0.0003,60,0.95,1835800,0.26492375722154976,1835919,0.5602631279081106,-3784.3512808100004,3319.45,300,0.006781750759109854,0.07015083730220795
30137,102.61653358459472,0.0003,60,0.96,1838000,3.017153040561825,1838192,0.7503367394208909,-3492.5106076200004,3192.18,301,0.008147165896371007,0.07011324912309647
30178,103.67212715148926,0.0003,60,0.97,1840500,0.430702339373529,1840674,-0.04243115585297346,-3176.6026159400008,3067.0,302,0.008063031695783138,0.07018591463565826
30251,102.31315010070801,0.0003,60,0.97,1844900,1.5836008032225073,1845069,0.028995516374707223,-3210.934196180001,3104.67,303,0.007864697687327862,0.07013323903083801
30292,103.26590934753418,0.0003,60,0.97,1847400,1.3832364830933512,1847595,0.15556805565953255,-3125.21496842,3030.12,304,0.007692052759230137,0.0699884295463562
30538,103.26693222045898,0.0003,60,0.96,1862400,0.512924209907651,1862595,-0.19088049367070198,-3143.3058768600004,3103.6,305,0.008551636468619108,0.07083795219659805
30566,102.6740560913086,0.0003,60,0.96,1864100,1.7577295295521618,1864280,0.1786509197950363,-3151.63292748,3115.68,306,0.008395290197804571,0.07086215168237686
30813,106.10729194641114,0.0003,60,0.95,1879100,3.2536490779742597,1879280,-0.09708373747766018,-3490.34056803,3259.59,307,0.005449057864025235,0.0709456354379654
30826,105.07264183044434,0.0003,60,0.96,1879900,3.4894264483917503,1880083,0.2582180224359035,-3242.1996002899996,3117.62,308,0.005462180939503014,0.07096586376428604
30895,105.8332290649414,0.0003,60,0.96,1884100,2.3885389022529124,1884273,1.5797618210315705,-3289.80185067,3145.22,309,0.005731991375796497,0.07093844562768936
30928,106.19036880493164,0.0003,60,0.96,1886100,1.8540175779070704,1886267,-1.4696706131100654,-3299.6585928,3158.15,310,0.0067743383115157485,0.07106476277112961
30973,105.64086685180663,0.0003,60,0.96,1888900,2.581910662483424,1889001,-0.06009984388947487,-3305.44487908,3172.88,311,0.005616803085431456,0.07109338790178299
30978,106.25012702941895,0.0003,60,0.96,1889200,0.1712157717347145,1889342,-0.5432192333042621,-3300.6701111099997,3160.16,312,0.005643953806720674,0.07111910730600357
31000,105.13733741760254,0.0003,60,0.96,1890500,0.6610091310925782,1890672,-0.7048986920714378,-3285.7248805599997,3147.92,313,0.005572058600373566,0.07119013369083405
31058,106.17174591064453,0.0003,60,0.96,1894100,3.009198605939746,1894203,-0.13394400522112845,-3206.493736459999,3116.21,314,0.005904234028421342,0.07147244364023209
31075,105.63295097351075,0.0003,60,0.96,1895100,1.2389858074486255,1895212,-0.627085117250681,-3169.43555015,3090.72,315,0.0054605448944494124,0.07147571444511414
31106,105.88957740783691,0.0003,60,0.97,1897000,0.20429134382866324,1897101,0.9300721783936023,-2933.09034552,2959.61,316,0.005686471536755562,0.07149667292833328
31124,105.54064498901367,0.0003,60,0.97,1898100,2.508902935013175,1898235,-0.4856790429353714,-2908.86683451,2940.67,317,0.005547924349084497,0.07142097502946854
31170,104.8857568359375,0.0003,60,0.97,1900900,2.0981148453243077,1901021,0.9195120050013066,-2919.68444055,2958.43,318,0.005640776697546244,0.07133407890796661
31181,105.4676235961914,0.0003,60,0.97,1901500,0.42019619354978205,1901675,1.4294766752421857,-2904.94782169,2938.44,319,0.006036622142419219,0.07129048556089401
31427,107.29402473449707,0.0003,60,0.96,1916500,3.891746038645506,1916675,-0.41253643222153186,-3219.8488388800006,3086.23,320,0.005823152149096131,0.07127466797828674
31464,106.96902786254883,0.0003,60,0.96,1918800,2.2161322096548974,1918927,0.7233337114751339,-3225.5058411399996,3084.42,321,0.005907278321683407,0.07131074368953705
31479,107.26519577026367,0.0003,60,0.96,1919700,3.547784501183778,1919843,0.4129606156051159,-3198.06124534,3054.27,322,0.005832450198940933,0.07133746147155762
31519,107.31410690307617,0.0003,60,0.96,1922100,7.596625490179285,1922258,0.30611202903091905,-3124.00487648,3014.45,323,0.006222002985887229,0.07134104520082474
31619,107.59985763549804,0.0003,60,0.96,1928200,1.7351870199292898,1928325,0.48572848830372095,-3124.4564117600003,3013.37,324,0.006298325685784221,0.0715060830116272
31620,108.16559913635254,0.0003,60,0.96,1928300,1.3954120549093931,1928436,-0.42169583566486835,-3110.8839787000006,2989.56,325,0.006299751638434828,0.07152321934700012
31652,108.5775284576416,0.0003,60,0.96,1930200,2.4287690185941755,1930357,1.4390529885143042,-3106.3740848600005,2988.85,326,0.006616809852421284,0.07168283313512802
31681,107.69401382446289,0.0003,60,0.96,1932000,1.5649462566245347,1932157,-0.9655042458325624,-3103.305213220001,2991.82,327,0.006280365749262273,0.07187608629465103
31696,106.61721458435059,0.0003,60,0.96,1932900,1.0612293718382717,1933001,0.9348558598011733,-3097.302331960001,2985.59,328,0.006419365978799761,0.07192203402519226
31720,107.99512321472167,0.0003,60,0.96,1934300,1.1731316021084786,1934478,0.4515965924412012,-3076.3045954200015,2966.77,329,0.007330307601951063,0.07199078798294067
31743,106.80207633972168,0.0003,60,0.96,1935700,2.2643158283270894,1935894,-0.8552252840995789,-3043.326536410001,2945.42,330,0.007460014764219523,0.07206356525421143
31789,106.60748695373535,0.0003,60,0.96,1938500,1.9919325315207244,1938680,-0.13127163410186768,-3064.0057862000012,2961.58,331,0.006744752116501332,0.07208355516195297
31798,106.52309524536133,0.0003,60,0.96,1939000,1.965065749567002,1939192,1.1285069116950035,-3062.991025860001,2958.34,332,0.006782412291504443,0.0720246359705925
31835,106.95014190673828,0.0003,60,0.96,1941300,3.023549094349146,1941413,0.05052048832178116,-3002.4635892200004,2927.69,333,0.0073972833575680855,0.07184232026338577
31853,106.84323860168458,0.0003,60,0.96,1942400,1.3907325434777886,1942545,2.418600454032421,-3003.5680817900006,2932.43,334,0.008065402861684562,0.07184509187936783
31933,105.4529776763916,0.0003,60,0.96,1947300,1.9141538783721626,1947407,-1.1797104509919882,-3054.060568720001,2959.15,335,0.006383320870809257,0.07169228047132492
31977,105.17593078613281,0.0003,60,0.96,1949900,0.8097123625315725,1950068,0.02670453242957592,-3076.6175463900004,2977.68,336,0.005358602479100227,0.07146365940570831
32008,104.8869409942627,0.0003,60,0.96,1951800,1.4184834840428084,1951998,0.118082817196846,-3070.5874641500013,2967.09,337,0.005400840942747891,0.07126463949680328
32057,104.02868125915528,0.0003,60,0.96,1954800,1.1077024541515856,1954956,-0.26648495241999626,-3099.110934540001,2984.22,338,0.0064143299870193,0.07127950340509415
32087,103.17467758178711,0.0003,60,0.96,1956600,2.1441617816500367,1956749,-0.025550851225852968,-3091.0739454200007,2968.57,339,0.006490571587346494,0.07119772583246231
32106,102.59474822998047,0.0003,60,0.96,1957800,3.4892430885322394,1957934,-0.5673896304517985,-3096.8778615500005,2978.36,340,0.0068316889880225065,0.0712038055062294
32136,102.53846328735352,0.0003,60,0.96,1959600,2.9849966583959757,1959750,-0.9243408500403166,-3075.19035997,2968.34,341,0.007044982328079641,0.07130349427461624
32156,103.27876167297363,0.0003,60,0.97,1960800,1.5540855324082077,1960961,0.09786229275166988,-2760.43466778,2830.45,342,0.007194330440834165,0.07136186212301254
32331,103.03170379638672,0.0003,60,0.97,1971500,0.14680706683546305,1971614,-0.24031677812337876,-2879.2629866699995,2920.9,343,0.006757966787554324,0.07135454565286636
32363,102.5241584777832,0.0003,60,0.97,1973400,1.3248402228113263,1973570,1.314162917584181,-2823.9224298699996,2896.8,344,0.007134801978245378,0.07128176838159561
32376,102.11780807495117,0.0003,60,0.97,1974200,1.9321989980526268,1974312,-0.5079383554309607,-2805.94325752,2880.62,345,0.00766408127732575,0.07128205895423889
32405,102.29485420227051,0.0003,60,0.97,1975900,2.7028592455387117,1976095,-0.6097443971037865,-2818.49396813,2893.2,346,0.007521894229575991,0.0712437853217125
32426,102.14408447265625,0.0003,60,0.97,1977200,0.7612609454244376,1977348,1.4745943677425384,-2773.36403971,2855.72,347,0.007090159496292472,0.07123521715402603
32454,101.88789886474609,0.0003,60,0.97,1978900,1.607342591714114,1979053,1.6047792114317416,-2779.9149101499997,2859.68,348,0.008251894135028123,0.0713411346077919
32466,101.7063345336914,0.0003,60,0.97,1979600,1.254798304149881,1979778,0.1959142953157425,-2755.4860038,2810.84,349,0.008664145860821008,0.0713687315583229
32533,102.74613609313965,0.0003,60,0.97,1983700,0.36647402560338377,1983853,-0.8884769161045551,-2788.5149549700004,2831.56,350,0.008347746105864645,0.07152033597230911
32551,102.00071075439453,0.0003,60,0.97,1984800,2.752196603026241,1984982,-0.03400126934051514,-2777.36042489,2780.88,351,0.007706625545397401,0.07149408012628555
32557,101.93877670288086,0.0003,60,0.97,1985200,1.1209972675517201,1985365,-0.6119791037589312,-2572.323477119999,2649.96,352,0.007562968134880066,0.07148466259241104
32566,102.5399690246582,0.0003,60,0.97,1985700,1.2989551630057394,1985854,0.2528399424254894,-2571.2524534699996,2647.65,353,0.007403284325264394,0.07144486904144287
32584,102.08171798706054,0.0003,60,0.97,1986800,0.3858362375386059,1986964,0.24681890055537223,-2567.6662746999996,2645.69,354,0.007431591022759676,0.0713990181684494
32623,101.84536811828613,0.0003,60,0.97,1989200,2.0350471254158764,1989382,-0.411968094855547,-2584.60814473,2658.2,355,0.0071055097365751866,0.0713546872138977
32652,100.36857528686524,0.0003,60,0.97,1990900,3.7565090618282557,1991097,-1.0445597001165152,-2590.3289725199998,2665.83,356,0.00632231546100229,0.07130289822816849
32677,101.10322776794433,0.0003,60,0.97,1992500,1.7372812999226153,1992670,0.3405974791944027,-2574.71276795,2649.32,357,0.00580006605014205,0.07123465090990067
32688,101.34321693420411,0.0003,60,0.97,1993200,2.2582941274903714,1993308,0.8651528187841176,-2573.2007150799996,2645.28,358,0.005849407142959535,0.07118210196495056
32745,99.94740631103515,0.0003,60,0.97,1996600,0.3533951818756759,1996747,1.5623664185404778,-2609.26625909,2629.53,359,0.010654831901192666,0.07125262171030045
32769,99.40393447875977,0.0003,60,0.97,1998100,2.4791594450175762,1998215,-1.6991783489845693,-2610.4328305500003,2633.96,360,0.011731441663578153,0.07141969352960587
32793,99.6398828125,0.0003,60,0.97,1999500,3.050564191471785,1999677,-1.9098467326909303,-2551.98587684,2592.18,361,0.01073302587494254,0.07154397666454315
